"製品品番","製品名","ProductionLine"
"7093","ｷｭｳｽｲﾖｳﾌｷﾄﾘｸﾛｽ 3ﾏｲｲﾘX33",
"12629","ｴﾝｿ ﾁｴﾂｶｰ           CTNX20",
"2885594","ｷｭｳｽｲﾌｷﾄﾘｸﾛｽ1ﾏｲｲﾘX100",
"3141941","ﾌﾛｱｰｸﾘｰﾅｰ          2.5LX2",
"3142004","WMｶﾞﾗｽｸﾘｰﾅｰ        2.5LX2",
"T35600","TASKI R1 PLUS 1.5LX2","7B"
"T35620","TASKI R3 PLUS 1.5LX2","7B"
"T34985","ｵｷｼｳﾞｨﾙTb 946MLX12",
"4577659","ｱﾜｽﾌﾟﾚｰｾｯﾄ(ﾚﾝｼﾞﾖｳ)12Ｘ1",
"T31100","ｵﾌﾞﾂｼｮﾘｷｯﾄ CTNX1","OFF"
"T50970P","ｾｰﾌﾀｯﾁｼﾞｪﾙﾃﾞｨｽﾍﾟﾝｻｰ(10)1PX1",
"5276292","ｵｷｼｳﾞｨﾙ ﾌｧｲﾌﾞ 1.5LX2",
"5327213","ｼｸﾞﾆﾁｬｰ 18.9LX1",
"5792051","ﾌﾟﾛﾐﾈﾝｽ946MLX6",
"5883084","ｵｷｼｳﾞｨﾙﾌｧｲﾌﾞ  3.78LX2",
"2T35820","ﾀﾞｲﾔﾓﾝﾄﾞ(3GL1) 20L",
"2561577P","ﾚｽﾄﾙｰﾑｸﾘｰﾅｰｽﾏｰﾄﾄﾞｰｽ1.4LX1",
"6026885","ｼﾝ ｵｷｼｳﾞｨﾙTbﾜｲﾌﾟ1X6",
"6027335","ﾀﾞｽｹﾝｽﾎﾟﾝｼﾞｸﾛｽ 1ﾏｲｲﾘx100",
"6035351","ｽﾄｰﾝｷｰﾌﾟ ﾎﾟｰﾗｽﾃｨｰﾋﾟｰ 5Lx2",
"T49900","KFCﾌﾞﾘｰﾁﾖｳｷｼｬｸﾎﾞﾄﾙ 1X6","OFF"
"T31101","ｵﾌﾞﾂｼｮﾘｷｯﾄ2 CTNX1","OFF"
"6044400","ﾃｨｰｴﾑﾂｰﾜｯｸｽ 18.9LX1",
"T45120","PROSｽﾎﾟﾝｼﾞｸﾛｽﾌｧﾐﾘｴ 5PX100",
"6050869","●ｸﾚﾍﾞﾘﾝproｽﾃｨｯｸｸﾝｼﾞｮｳ50ﾎﾝX1",
"T35621","TASKI R1 PLUS 2LX2","JP3"
"T35632","TASKI R3 PLUS 2LX2","JP3"
"4176","ﾋﾟｭｱﾚｯﾄ ﾃﾞｨｽﾍﾟﾝｻｰ   CTNX12",
"26612","ﾌﾛｱﾏｼﾝ SPRINT-2500  CTNX1",
"5046331","WAND MINI   CTNX1",
"5046340","JX-MINI15",
"5373851","ｽﾌﾟﾘﾝﾄ-20ｺﾝﾊﾟｸﾄ　CTNX1",
"421850","ﾌﾟﾛ HDﾄﾞﾗｲﾓｯﾌﾟ40 X10",
"5657589","ｽｳｨﾝｺﾞ350 X1",
"421860","ﾌﾟﾛ HDﾄﾞﾗｲﾓｯﾌﾟ60 X10",
"5632306","ﾊﾟｯﾄﾞ ｺｺ17 X5",
"5632314","ﾊﾟｯﾄﾞ ｺｺ20 X5",
"5720066","ｽｳｨﾝｺﾞ 755 B ECO X1",
"5722580","ｽｳｨﾝｺﾞ 755 B POWER X1",
"5722598","ｽｳｨﾝｺﾞ 855 B POWER X1",
"5722601","ｽｳｨﾝｺﾞ 1255 B POWER X1",
"5722619","ｽｳｨﾝｺﾞ 1650 X1",
"5722627","ｽｳｨﾝｺﾞ 4000 X1",
"5723401","ｱﾌﾞﾚｲｼﾌﾞﾌﾞﾗｼ 17IN X1",
"5723419","ｱﾌﾞﾚｲｼﾌﾞﾌﾞﾗｼ 11IN X1",
"5723427","ｱﾌﾞﾚｲｼﾌﾞﾌﾞﾗｼ 13IN X1",
"5723435","ｱﾌﾞﾚｲｼﾌﾞﾌﾞﾗｼ 17IN 4000 X1",
"5724008","ｱﾌﾞﾚｲｼﾌﾞﾌﾞﾗｼ 20IN X1",
"5724016","ｽﾀﾝﾀﾞｰﾄﾞﾌﾞﾗｼ 11IN X1",
"5724024","ｽﾀﾝﾀﾞｰﾄﾞﾌﾞﾗｼ 13IN X1",
"5724032","ｽﾀﾝﾀﾞｰﾄﾞﾌﾞﾗｼ 17IN X1",
"5724041","ｽﾀﾝﾀﾞｰﾄﾞﾌﾞﾗｼ 17IN 4000 X1",
"5724059","ｽﾀﾝﾀﾞｰﾄﾞﾌﾞﾗｼ 20IN X1",
"5726783","ｳｫｯｼｭﾄﾞｺﾝｸﾘｰﾄﾌﾞﾗｼ 11IN X1",
"5729520","ｳｫｯｼｭﾄﾞｺﾝｸﾘｰﾄﾌﾞﾗｼ 13IN X1",
"5729538","ｳｫｯｼｭﾄﾞｺﾝｸﾘｰﾄﾌﾞﾗｼ 17IN X1",
"5729546","ｳｫｯｼｭﾄﾞｺﾝｸﾘｰﾄﾌﾞﾗｼ 20IN X1",
"5731195","ﾊﾟｯﾄﾞﾀﾞｲ 11IN X1",
"5731208","ﾊﾟｯﾄﾞﾀﾞｲ 13IN X1",
"5731216","ﾊﾟｯﾄﾞﾀﾞｲ 17IN 4000 X1",
"5731224","ﾊﾟｯﾄﾞﾀﾞｲ 20IN X1",
"5731232","ﾊﾟｯﾄﾞﾀﾞｲ 17IN X1",
"5731241","ｽｳｨﾝｺﾞ455 B X1",
"5740420","ｳｫｯｼｭﾄﾞｺﾝｸﾘｰﾄﾌﾞﾗｼ 17IN 4000 X1",
"5740438","ﾊﾟｯﾄﾞ ｺｺ13"" X5",
"5832623","ﾌﾟﾚﾅｽﾐｽﾞﾌﾞｷﾖｳﾓｯﾌﾟｼｰﾄX10",
"5832631","ﾌﾟﾚﾅｽｶﾗﾌﾞｷﾖｳﾓｯﾌﾟｼｰﾄX10",
"5832666","ﾌﾟﾚﾅｽﾜｯｸｽﾖｳﾓｯﾌﾟｼｰﾄX10",
"5880001","ﾅﾉﾄﾛﾘｰ X1",
"5880051","ﾌﾟﾛ HDﾀﾞﾝﾌﾟﾓｯﾌﾟ40 ﾚｯﾄﾞ X10",
"5880078","ｽﾀﾝﾀﾞｰﾄﾞ ﾀﾞﾝﾌﾟﾓｯﾌﾟ25 ﾚｯﾄﾞ X20",
"5880086","ｽﾀﾝﾀﾞｰﾄﾞ ﾀﾞﾝﾌﾟﾓｯﾌﾟ40 ﾚｯﾄﾞ X20",
"5907453","ｽﾀﾝﾀﾞｰﾄﾞﾀﾞﾝﾌﾟﾓｯﾌﾟ25 CTN 5X4",
"T40065P","ﾊﾝﾄﾞｿｰﾌﾟﾎﾞﾄﾙﾎﾙﾀﾞｰ(6) 1PX1","OFF"
"T40064P","ｿｰﾌﾟ&ｱﾙｺｰﾙﾎﾞﾄﾙﾎﾙﾀﾞｰ(6) 1PX1","OFF"
"DS138141","ﾊｯﾎﾟｳｾﾝｼﾞｮｳｷ ﾌｫｰﾑ IT 910N 40L",
"5984758","ｼｬﾘｵｽﾀｰｴｸｽﾄﾗｸﾄ26",
"5985161","MTX 900 X1",
"5985232","TASKI ﾂｲｽﾀｰ ﾚｯﾄﾞﾊﾟｯﾄﾞ17 X2",
"5985241","TASKI ﾂｲｽﾀｰ ｲｴﾛｰﾊﾟｯﾄﾞ 17X2",
"5985259","TASKI ﾂｲｽﾀｰ ﾎﾜｲﾄﾊﾟｯﾄﾞ17 X2",
"5985267","TASKI ﾂｲｽﾀｰ ｸﾞﾘｰﾝﾊﾟｯﾄﾞ 17X2",
"5985275","TASKI ﾂｲｽﾀｰ ｸﾞﾘｰﾝﾊﾟｯﾄﾞ 20X2",
"5985283","TASKI ﾂｲｽﾀｰ SCﾊﾟｯﾄﾞ 17X2",
"5985291","TASKI ﾂｲｽﾀｰ SCﾊﾟｯﾄﾞ 20X2",
"5990242","ﾏｲｸﾛｽﾀﾝﾀﾞｰﾄﾞｲｴﾛｰ X20",
"5990251","ﾏｲｸﾛｽﾀﾝﾀﾞｰﾄﾞｸﾞﾘｰﾝ X20",
"5990269","ﾏｲｸﾛｽﾀﾝﾀﾞｰﾄﾞﾌﾞﾙｰ X20",
"5990277","ﾏｲｸﾛｽﾀﾝﾀﾞｰﾄﾞﾚｯﾄﾞ X20",
"24241469","ﾊﾞｷｭﾏｯﾄ120",
"25235685","ﾊﾞｷｭﾏｯﾄ220T CTNX1",
"25919569","ﾊﾞｷｭﾏｯﾄ220T JBMA X1",
"5998914","ｽｳｨﾝｺﾞ455Bｼｬｰﾌﾟ X1",
"5998922","ｽｳｨﾝｺﾞ855B ECO X1",
"5998973","ｼｬﾘｵｽﾀｰ26 X1",
"5999589","TASKI ﾂｲｽﾀｰ ｸﾞﾘｰﾝﾊﾟｯﾄﾞ11 X2",
"5999597","TASKI ﾂｲｽﾀｰ ｸﾞﾘｰﾝﾊﾟｯﾄﾞ13 X2",
"5999618","TASKI ﾂｲｽﾀｰ ｸﾞﾘｰﾝﾊﾟｯﾄﾞ15 X2",
"5999626","TASKI ﾂｲｽﾀｰ ﾚｯﾄﾞﾊﾟｯﾄﾞ15 X2",
"5999634","TASKI ﾂｲｽﾀｰ SGﾊﾟｯﾄﾞ17 X2",
"5999642","TASKI ﾂｲｽﾀｰ SGﾊﾟｯﾄﾞ20 X2",
"5999651","TASKI ﾂｲｽﾀｰ ﾎﾜｲﾄﾊﾟｯﾄﾞ15 X2",
"5999669","TASKI ﾂｲｽﾀｰ ｲｴﾛｰﾊﾟｯﾄﾞ15 X2",
"6001469","ｿﾞﾙﾊﾞX50",
"6008257","TASKI ｲﾝﾃﾘﾊﾟｯﾄﾞ 11",
"6008265","TASKI ｲﾝﾃﾘﾊﾟｯﾄﾞ 13",
"6008273","TASKI ｲﾝﾃﾘﾊﾟｯﾄﾞ 15",
"6008281","TASKI ｲﾝﾃﾘﾊﾟｯﾄﾞ 17",
"6008290","TASKI ｲﾝﾃﾘﾊﾟｯﾄﾞ 20",
"6008409","ｴｱﾌﾞﾚｰﾄﾞV AB12 NICKEL",
"6008417","ｴｱﾌﾞﾚｰﾄﾞV AB12 WHITE",
"6008425","ｴｱﾌﾞﾚｰﾄﾞ DB AB14 GREY",
"6008433","ｴｱﾌﾞﾚｰﾄﾞ DB AB14 WHITE",
"6008441","ｴｱﾌﾞﾚｰﾄﾞW+D Short WD04 LV X1",
"6008450","ｴｱﾌﾞﾚｰﾄﾞW+D Tall WD05 LV X1",
"6008468","ｴｱﾌﾞﾚｰﾄﾞW+D Wall WD06 LV  X1",
"6008960","ｽｳｨﾝｺﾞ 2100ﾏｲｸﾛ X1",
"T50769","ﾌｫｰﾑｶﾞﾝS CTN/6",
"6010509","ﾀﾞﾝﾌﾟHDﾓｯﾌﾟｱｵ 40 5X4",
"6010517","ﾀﾞﾝﾌﾟHDﾓｯﾌﾟｱｶ 40 5X4",
"6013110","S20",
"6013806","TASKI ｳﾙﾄﾗﾌﾟﾗｽ ｲﾝﾃﾘｱﾓｯﾌﾟﾊﾝﾄﾞﾙ",
"6013814","TASKI ｳﾙﾄﾗﾌﾟﾗｽ ﾓｯﾌﾟﾊﾝﾄﾞﾙ",
"6013822","TASKI ｳﾙﾄﾗﾌﾟﾗｽ ﾓｯﾌﾟﾌﾚｰﾑ25",
"6013831","TASKI ｳﾙﾄﾗﾌﾟﾗｽ ﾓｯﾌﾟﾌﾚｰﾑ40",
"6013849","TASKI ｳﾙﾄﾗﾌﾟﾗｽ ﾓｯﾌﾟﾌﾚｰﾑ60",
"6017903","ｼｬﾘｵｽﾀｰﾊﾞｷｭｰﾑ34E",
"6019600","TASKIｳﾙﾄﾗﾌﾟﾗｽｲﾝﾃﾘｱﾓｯﾌﾟX5",
"6019845","ﾂｲｽﾀｰｽｸｴｱｰｸﾞﾘｰﾝﾊﾟｯﾄﾞ20 X2",
"6019853","ﾂｲｽﾀｰｽｸｴｱｰﾚｯﾄﾞﾊﾟｯﾄﾞ20 X2",
"6019861","ﾂｲｽﾀｰｽｸｴｱｰSCﾊﾟｯﾄﾞ20 X2",
"6019870","ﾂｲｽﾀｰｽｸｴｱｰSGﾊﾟｯﾄﾞ20 X2",
"6019888","ﾂｲｽﾀｰｽｸｴｱｰﾎﾜｲﾄﾊﾟｯﾄﾞ20 X2",
"6019896","ﾂｲｽﾀｰｽｸｴｱｰｲｴﾛｰﾊﾟｯﾄﾞ20 X2",
"6022884","ｴｱﾛ8",
"6022892","ｴｱﾛ8ﾌﾟﾗｽ",
"6026586","ｽﾀﾝﾀﾞｰﾄﾞﾌﾞﾗｼ 14",
"6026594","ﾊﾟｯﾄﾞﾀﾞｲ 14IN",
"6035263","●ﾑｰﾝﾋﾞｰﾑ3",
"6035271","●ﾑｰﾝﾋﾞｰﾑ3 UVCﾊﾞﾙﾌﾞｾｯﾄ",
"6035280","●ﾑｰﾝﾋﾞｰﾑ3 ｾﾝﾄﾘｰ",
"6042439","ﾛﾎﾞｽｸﾗﾌﾞ20 X1",
"6050623","T-Mop40 X1",
"6050640","Duel 244NX  X1",
"6050666","Duel 1840NX X1",
"6051298","Aero 3500 micro  X1",
"6057622","NX300 2ﾚﾝｼﾞｭｳﾃﾞﾝｷ X1",
"6059222","ｽｳｨﾝｺﾞ 455B Li X1",
"6062771","ｱﾙﾃｨﾏｯｸｽ 1900SD43 X1",
"6062780","ｱﾙﾃｨﾏｯｸｽ 1900SD43Li X1",
"6062798","ｱﾙﾃｨﾏｯｸｽ 1900SD50 X1",
"6062801","ｱﾙﾃｨﾏｯｸｽ 1900SD50Li X1",
"6068170","Duel 244NX X1 ﾁｬｰｼﾞｬｰﾚｽ",
"6068188","Duel 1840NX X1  ﾁｬｰｼﾞｬｰﾚｽ",
"6070368","ｽｸﾗﾌﾞﾏｯｸｽ B30 X1",
"6070376","ｽｸﾗﾌﾞﾏｯｸｽ B30Li X1",
"6070384","ｽｸﾗﾌﾞﾏｯｸｽ B45Li X1",
"3019","T G                18LTX1",
"3668","ADJ汎用ﾜﾂｸｽ 2 18LTX1",
"604020","BI ﾆｭｰﾄﾗﾌﾚｯｼｭ",
"741010","BINT FT-100 SOLUTION 25%",
"4353","DJﾋﾞﾂｸﾞﾍﾞｱｰDX BIB  18LTX1",
"7014","ｼﾞﾕｼﾜﾂｸｽｴｸｾﾚﾝﾄ(BIB)18LTX1",
"3617","ｼﾞﾑ ｴｰｽ            18LTX1",
"4147","ﾊﾟﾜｰﾌﾙﾋﾞｶ 18LX1",
"4357","(ﾑﾘﾝ) ﾋﾞｯｸﾞ ﾍﾞｱ    18LTX1",
"7094","ﾕｶﾖｳｼﾞﾕｼﾜﾂｸｽ     1LTX12",
"7096","ﾕｶﾖｳｼﾞﾕｼﾜﾂｸｽ     18LTX1/BIB",
"3597","ｸﾞﾗﾝﾌﾟﾘ            18LTX1",
"3667","ADJ汎用ﾜｯｸｽ 18LX1",
"3427","ADJ高濃度ﾜﾂｸｽ 18LTX1",
"13057","ｺﾝｸﾘｰﾄ ｼｰﾗｰ        18LTX1",
"13087","ｽﾄｰﾝ ﾗｲﾌ ｺｰﾄ       18LTX1",
"13617","ｱｲﾛﾌｵｰﾑ PS515 18LT",
"13618","ｱｲﾛﾌｵｰﾑ PS515  200LT",
"14097","ｱｲﾛﾌｵｰﾑ PS514  18LT",
"26057","ﾌﾞﾚｰｸｱﾂﾌﾟ S        18LTX1",
"600050","BI ｼﾔｲﾝﾎﾟﾘｯｼｭ（ｼｬｲﾝ ｱﾂﾌﾟ)",
"603010","BI T.G",
"603200","BI ｴﾚｯｸｽ",
"603600","BI ﾉﾝﾊﾞﾌ",
"603610","BI ｼﾞﾑｴｰｽ",
"604140","BI ﾆｭｰﾊﾟﾜｰﾌﾙﾋﾞｶ",
"604200","BI ﾊﾞｽｼｬｲﾝ",
"604210","BI ｸﾞﾘﾄﾞﾙｸﾘｰﾅｰ",
"604310","BI ｽﾄｰﾝﾗｲﾌｸﾘｰﾅｰ",
"604350","BI 無ﾘﾝﾋﾞｯｸﾞﾍﾞｱ",
"604360","BI ｶｰﾍﾟｹｱﾆｭｰﾌﾟﾚｯﾌﾟ",
"604370","BI ｶｰﾍﾟｹｱﾘﾝｻｰ",
"604380","BI ﾌｫﾜｰﾄﾞﾉﾝﾘﾝｽ",
"604390","BI ｶｰﾍﾟｹｱﾆｭｰｼｬﾝﾌﾟｰ",
"605050","BI J･ｼｮｯﾌﾟ500",
"605060","BI J･ｼｮｯﾌﾟ600",
"612980","BI ﾍﾞｰｼｯｸ･ｺｰﾄ",
"613050","BI ｺﾝｸﾘｰﾄｼｰﾗｰ",
"613080","BI ｽﾄｰﾝﾗｲﾌｺｰﾄ",
"613610","BI ｱｲﾛﾌｵｰﾑPS515 (W-5015)",
"614090","BI ｱｲﾛﾌｵｰﾑPS514 (ﾜｯｸｽﾌﾟﾚｰﾄ14)",
"616020","BI ｸﾞﾗﾝｽﾘｷｯﾄﾞ",
"616110","BI ﾀﾞｽﾄ ｷｰﾊﾟｰ",
"626050","BI★ ﾌﾞﾚｰｸｱｯﾌﾟS",
"721010","BINT ｱｴﾝﾀﾝｻﾝ",
"751060","BINT ｶｰﾎﾞﾎﾟｰﾙ 940 ﾚｼﾞﾝ",
"751030","BINT B-50ﾚｼﾞﾝ 28%溶液",
"16381","ﾄｳｲﾝｸﾙ ｼﾙﾊﾞｰ 124GRX12",
"16371","ﾄｳｲﾝｸﾙ ｺﾂﾊﾟｰ 124GRX12",
"604230","BI ★ ﾆｭｰ ｷｯﾁﾝｸﾘｰﾅｰ",
"612660","BI ★ｱﾙｺｰﾙ除菌剤EX",
"16089","ﾁｭｳｾｲﾄｲﾚｸﾘｰﾅｰ    800MLX12",
"616080","BI ﾁｭｳｾｲ ﾄｲﾚｸﾘｰﾅｰ",
"626090","BI ★ｶｯﾄﾊﾞｯｸ",
"603620","BI ﾆｭｰｾﾝﾁｭﾘｱﾝ",
"616040","BI ★ｵﾌﾟﾁﾏﾑ中性",
"604170","BI ﾋﾟｭｱﾚｯﾄ (青)/便座除菌",
"614160","BI ★ｽﾄｱﾌﾞﾚｰｸｱｯﾌﾟS",
"721020","BINT ｲﾝﾀｰ JC-90",
"607090","BI ﾕｶﾖｳｼﾞﾕｼﾜﾂｸｽ",
"26066","ｽｰﾊﾟｰﾌﾞﾚｰｸｱﾂﾌﾟTG  600MLX6",
"647190","BI ★ﾃﾞﾀｰｸﾘｰﾝLAM (DLAM)",
"4336","ﾆｭｰﾄﾗｽﾄﾘｯﾊﾟｰ 18LTX1",
"604330","BI ﾆｭｰﾄﾗ･ｽﾄﾘｯﾊﾟｰ",
"2272173","ﾁｭｳｾｲｾﾝｻﾞｲ 18KGX1",
"2282507","ｴﾃﾞｨｵﾝｾﾝﾖｳｼﾞｭｼﾜｯｸｽ 18L BIB",
"2282540","ｸﾞﾗﾝﾄﾞｽﾗﾑ          18LTX1",
"2889958","ｼｰﾙﾄﾞ               18LX1",
"2891054","BI ﾀﾊﾞｺｾﾝﾖｳｼｮｳｼｭｳｻﾞｲ",
"2895910","BI ｼｰﾙﾄﾞ",
"2900272","ﾆｭｰﾄﾗ ｺｰﾄ ｶﾞｯｺｳﾖｳ 18LTX1",
"2903238","ﾉｳｼｭｸﾕｶﾖｳｾﾝｻﾞｲ N   18LTX1",
"2903772","BI ★GEN2 (DL)",
"2907167","★BI DU SHINE (DL)",
"2911537","ｼｰｴｽ ｾﾝﾖｳｸﾘｰﾅｰ   18LX1",
"T10520","ｽｰﾊﾟｰﾃｨｰﾎﾟｰﾙ 20KGX1","2A"
"T10820","ﾃｨｰﾎﾟｰﾙｴｲﾄ 20KGX1","2A"
"T12818","ﾆｭｰﾃｨｰｿｰﾌﾟ 18KGX1","2C"
"T12918","ｴｷﾀｲ ﾃｨｰｿｰﾌﾟL 18KGX1","2C"
"T14318","ﾌﾟﾛｾﾝﾃNL 18KGX1","2C"
"T41808","ｵｳｼｮｳｸﾘｰﾝ 25KGX1","2A"
"T47198","ﾃﾞﾀｰｸﾘｰﾝLAM 25KGX1","2A"
"T63420","●ﾆｭｰｱﾙﾀﾝﾔｻｲｸﾀﾞﾓﾉｱﾗｲ 2X6","JP3"
"T63500","ｻﾆﾀｽﾍﾞｼﾞﾀｸﾘｰﾝ 5KGX2","7B"
"3014846","BI ｸﾞﾗｽｸﾘﾝ ﾌﾟﾛ",
"3014900","BI ｻﾆﾏｽﾀｰ III",
"3019137","ｻﾆﾏｽﾀｰ3(ｽﾘｰ)BIB    18LTX1",
"3028658","BI ﾊﾞｲｵｸﾘｰﾝA10",
"3032315","BI ﾁｭｳｾｲｶｯﾄﾊﾞｯｸ",
"3032323","ｵｰｴｽｺｰﾄﾋﾟｰﾃｨｰ18LTX1",
"3099077","BI ﾋﾟｭｱﾎﾜｲﾄ",
"3108498","BI ﾆｭｰｸｲｯｸﾒﾝﾃ",
"3153002","BI ﾃﾞｲﾘｰｸﾘｰﾅｰﾁｭｳｾｲ",
"T16000","ﾃﾞｭﾌｫｰﾑｺﾝｸ 1.5LX6","7C"
"T16060","ｽﾀｰPLUS（D1）　1.5LX4","7B"
"T16070","ｽﾀｯﾄPLUS(ﾊﾞｯｸ） 1.5LX4","7B"
"T26243","ﾄﾞﾗｲｲｯﾄ 10LX1","7A"
"T26252","ﾆｭｰﾃﾞｭﾄﾞﾗｲ 10LX1","7A"
"T26041","ﾌﾟﾛﾊﾟﾝｼﾞｰﾌﾟﾗｽ 20LX1","2A"
"T26062","PROGEN2ﾌﾟﾗｽ 10LX1","7A"
"T26063","PROGEN2ﾌﾟﾗｽ 20LX1","2A"
"T26070","ﾌﾟﾛﾃﾞｭｼｬｲﾝﾌﾟﾗｽ 10LX1","7A"
"T26091","*ﾌﾟﾛｽﾍﾟｼｬﾙﾌﾟﾗｽ 10LX1*","7A"
"T26093","*ﾌﾟﾛｽﾍﾟｼｬﾙﾌﾟﾗｽ 20LX1*","2A"
"T35143","ｱﾌﾞﾗﾖｺﾞﾚｼﾞｮｷｮFF(7&I)  800MLX12","JP3"
"T35900","ELWﾊﾞｸﾃﾘｵ 20LX1",
"3163622","BI ｼﾞｭｼﾜｯｸｽﾖｳﾊｸﾘｻﾞｲ　N",
"3178242","BI ｸﾘｽﾀﾙﾄﾞﾗｲ",
"3298594","ADJﾜﾂｸｽ BIB 18LX1",
"T44720","ｽｰﾊﾟｰﾄﾞﾗｲ 10KGX1","7A"
"3307737","BI ｸﾙｰｸﾘﾝﾍﾞｰﾙ",
"T21602","ﾃﾞﾀｰﾌｧｲﾝLM 25KGX1","2A"
"T21611","ﾃﾞﾀｰﾌｧｲﾝLIQUID MA 25KGX1","2A"
"T35611","ﾀｽｷﾆｭｰｱｰﾙﾂｰﾌﾟﾗｽ　1.5LX4","7B"
"616280","BI ｵﾌﾟﾁﾏﾑ135ｽﾍﾟｼｬﾙ",
"3411526","ﾆｭｰﾄﾗ ｺｰﾄﾀｲｲｸｶﾝﾖｳ 18LTX1",
"3411551","BI ★ﾆｭｰﾘﾝｽｴｰｽ",
"3412385","ﾑﾘﾝ ﾌｫﾜｰﾄﾞ BIB   18LTX1",
"3413724","BI ﾐﾗｰｲﾒｰｼﾞ",
"3413732","BI ﾌﾟﾛﾏｯｸｽ(ﾘﾌﾚｸﾀｰ)",
"3457751","ﾆｭｰｽﾀｰﾀﾞﾑ   18LTX1",
"3458578","BI ★ｵｰﾌﾞﾝｸﾘｰﾅｰFF",
"3458586","BI IYｵｰﾌﾞﾝｸﾘｰﾅｰFF",
"3505098","BI ﾆｭｰｽﾀｰﾀﾞﾑ",
"3512503","BI ★ﾆｭｰﾑﾘﾝﾌｫﾜｰﾄﾞ",
"3522111","BI Cｸﾘｰﾝﾈｵ",
"3522138","ADJ万能ｸﾘｰﾅｰBIB  18LTX1",
"3665198","BI ﾃｨｰﾎﾟｰﾙｸﾘｱ",
"3671643","ｱﾌﾞﾗﾖｺﾞﾚｵﾄｼｾﾝｻﾞｲ  20KGX1",
"3690799","BI ｼﾞｮｷﾝﾉﾃﾞｷﾙﾊﾞｽｸﾘｰﾅｰ",
"T28040","ﾁｭｳｾｲ ﾃﾞﾀｰｾｰﾌ 10KGX1","7A"
"T47195","ﾃﾞﾀｰｸﾘｰﾝLK 24KGX1","2A"
"4121782","BI ★ﾆｭｰﾃﾞｭﾄﾞﾗｲ",
"4168492","BI ｷｭｳ ｺｳﾀｸｵｳ",
"T41918","TSR-10 10LX1","7A"
"T41920","TSW-20 20LX1","2A"
"T41923","JWS-10DHG 10LX1","7A"
"T41921","JWR-10DHD 10LX1","7A"
"T41922","JWR-5DHD 5LX1","7B"
"T41924","JWS-20DHG 20LX1","2A"
"4262649","BI ﾆｭｰﾄﾗｺｰﾄﾀｲｸｶﾝﾖｳ",
"4327289","BI TSｸﾘｰﾝ",
"4329102","TSｸﾘｰﾝ 18KGX1",
"4329161","ﾆｭｰﾗｲﾊﾞﾙ 18LX1",
"4335916","BI ｵｲﾙｸﾘｱ",
"4344759","BI ﾊｸﾘｵｳ",
"4384030","ｽﾋﾟｰﾄﾞｳェｲ 18LX1",
"4387548","BI ｽﾋﾟｰﾄﾞｳｪｲ",
"4387599","BI ｸﾘｽﾀﾙﾌﾟﾛ",
"4405574","ﾃﾊﾀﾞﾆﾔｻｼｲﾊﾞｽｸﾘｰﾅ18L BIB",
"4405734","ﾃﾊﾀﾞﾆﾔｻｼｲﾊﾞｽｸﾘｰﾅC 18L BIB",
"4441196","ﾃｸﾆｸﾘｰﾝ 200 EF 18LX1",
"4441209","ﾃｸﾆｸﾘｰﾝ 200 EF 200LX1",
"4441217","BI ﾃｸﾆｸﾘｰﾝ 200 EF",
"4491636","ﾀﾓｸﾃｷｼﾞｮｷﾝﾖｳｱﾜｽﾌﾟﾚ600MLx12",
"4495910","BI ﾌﾛｰﾘﾝｸﾞﾜｯｸｽ",
"T28047","ESｾﾝｼﾞｮｳｷﾖｳﾘﾝｽｻﾞｲ 2KGX8","JP3"
"4510008","BI ﾌｷﾝﾖｳｾﾝｻﾞｲ",
"T41928","ﾀﾆｺｰ　ｾﾝｻﾞｲｾｯﾄ　1X1","JP3"
"4519660","BI ★ｺﾝｸｴｺ",
"4519686","BI ﾃﾊﾀﾞﾆﾔｻｼｲﾊﾞｽｸﾘｰﾅｰ",
"4519731","BI ﾃﾊﾀﾞﾆﾔｻｼｲﾊﾞｽｸﾘｰﾅｰC",
"4520281","ｸﾞﾘｰﾝﾌﾟﾗｽﾌﾛｱｸﾘｰﾅｰ 18LX1(BIB)",
"4522359","BI ｸﾞﾘｰﾝﾌﾟﾗｽ ﾏﾙﾁｸﾘｰﾅｰ",
"4522383","BI ｸﾞﾘｰﾝﾌﾟﾗｽ ﾜｯｸｽ",
"202","BI ﾊﾟﾝｸﾘｰﾅ HG-L",
"213","BI ﾃﾞｨﾎﾞｻﾝ K",
"216","BI ﾀﾞｲｷﾚｰﾄ E40",
"217","BI ﾀﾞｲｷﾚｰﾄ ML-1",
"220","BI ﾀﾞｲｷﾚｰﾄ S35",
"226","BI ﾊﾟﾝｸﾘｰﾅ 201A",
"227","BI ﾊﾟﾝｸﾘｰﾅ CN1",
"234","BI ﾊﾟﾝｸﾘｰﾅ P52",
"236","BI ﾊﾟﾝｸﾘｰﾅ L2",
"237","BI ﾊﾟﾝｹﾚｰﾄ CA",
"242","BI ﾊﾟﾝｸﾘｰﾅ NE1",
"249","BI ﾃﾞｨﾊﾞﾌｫｰﾑ C",
"261","BI ﾀﾞｲｷﾚｰﾄ S",
"267","BI ｴﾝﾃﾞｭﾗﾏｯｸｽ",
"274","BI ﾊﾟﾝｹﾚｰﾄ UD10",
"275","BI ﾀﾞｲｷﾚｰﾄ GS",
"276","BI ﾊﾟﾝｸﾘｰﾅ NLK1",
"277","BI ﾀﾞｲｷﾚｰﾄN5L1",
"280","BI ｻﾆﾌｫｰﾑ SC1(ﾃﾞｨﾊﾞﾌｫｰﾑ)",
"283","BI PSﾁｭｳｶﾝﾀｲH",
"289","BI ﾊﾟﾝｹﾚｰﾄ LC7S",
"600","BI ★ｻﾆﾀｽ ﾏｲﾙﾄﾞﾗｰｼﾞ",
"602","BI ﾊﾟﾝｸﾘｰﾅ PN",
"309","BI ｽﾗｲﾀﾞｰ 905",
"329","BI ｽﾗｲﾀﾞｰ AW1",
"330","BI ｽﾗｲﾀﾞｰ DW1",
"344","BI ｽﾗｲﾀﾞｰ KG1",
"345","BI ｽﾗｲﾀﾞｰ JH2",
"355","BI ｽﾗｲﾀﾞｰ C430",
"357","BI ｽﾗｲﾀﾞｰ CW2",
"392","BI ｽﾗｲﾀﾞｰ ST1",
"397","BI ｽﾗｲﾀﾞｰ SW1",
"4550481","BI ﾌﾟﾛﾊﾟﾝｼﾞｰ 20",
"4550499","BI ﾌﾟﾛｽﾍﾟｼｬﾙ ﾐﾗｺｰﾙ",
"4550501","BI ｸﾗｯｸｽﾍﾞｰﾀ",
"615","BI ｻﾆﾀｽｱﾙﾐﾗｰｼﾞ (ｼｻｸﾋﾝ)",
"2731","BI ﾊﾟﾝｸﾘｰﾅ LL",
"3911","BI ★ｽﾗｲﾀﾞｰ S430H",
"4559223","BI ST ｺﾝｸ",
"4564807","BI ﾃｯﾊﾟﾝｸﾘｰﾅｰ",
"4564815","BI ｽﾁｰﾑｵｰﾌﾞﾝｸﾘｰﾅｰ",
"4567709","600MLｱﾜｽﾌﾟﾚｰｾｯﾄ　1X12",
"4568242","600ML霧ｽﾌﾟﾚｰｾｯﾄ 1X12",
"4589300","BI Jﾀﾌﾈｽ",
"4599305","BI ﾃｨｰﾎﾟｰﾙﾌﾞﾙｰﾅﾁｭﾗﾙC",
"DS020364","ﾊﾟﾝｸﾘｰﾅ NE1 18KGX1 CN",
"DS020181","ﾊｯﾎﾟｳｻﾞｲ T 18KGX1 CN",
"DS020220","ﾊﾟﾝｸﾘｰﾅ NLK1 1000KGX1 CT",
"DS020223","ﾀﾞｲｷﾚｰﾄ N5L1 1000KGX1 CT",
"DS020239","*PS ﾁｭｳｶﾝﾀｲH 225KGX1  PD*",
"DS020278","*ﾀﾞｲｷﾚｰﾄ E40 24KGX1 PN*","6A"
"DS020279","*ﾀﾞｲｷﾚｰﾄ S35 24KGX1 PN*","6A"
"DS020298","ﾊﾟﾝｸﾘｰﾅHG-L 20KGX1 PN","6A"
"DS020299","GC-91 20KGX1  PN","6A"
"DS020311","*ﾀﾞｲｷﾚｰﾄ ML-1 24KGX1 PN*","6A"
"DS020312","*ﾌﾟﾗｽｴｸｽ 24KGX1 PN*","6A"
"DS020332","*ﾀﾞｲｷﾚｰﾄ S 24KGX1 PN*","6A"
"DS020345","*ﾀﾞｲｷﾚｰﾄ GS 24KGX1 PN*","6A"
"DS020346","ﾀﾞｲｷﾚｰﾄ N5L1 20KGX1 PN","6A"
"DS020351","ﾊﾟﾝｸﾘｰﾅ CN1 18KGX1 CN","6A"
"DS020357","ﾊﾟﾝｸﾘｰﾅ NLK1 22KGX1 PN","6A"
"DS020358","ﾊﾟﾝｸﾘｰﾅ P52 22KGX1 PN","6A"
"DS020360","*ﾊﾟﾝｸﾘｰﾅ L2 24KGX1 PN*","6A"
"DS020380","*ﾊﾟﾝｹﾚｰﾄ CA 24KGX1 PN*","6A"
"DS020381","*ﾊﾟﾝｹﾚｰﾄ CA 240KGX1 PD*",
"DS020402","*ﾊﾟﾝｸﾘｰﾅ 201A 20KGX1 PN*","6A"
"DS020406","*ﾊﾟﾝｹﾚｰﾄ UD10 1200KGX1 CT*",
"DS020409","*AKｸﾘｰﾅｰ 24KGX1 PN*","6A"
"DS020417","ｻﾆﾀｽ ﾏｲﾙﾄﾞﾗｰｼﾞ 20KGX1 PN","2A"
"DS020421","ﾊﾟﾝｸﾘｰﾅ PN 20KGX1 PN","6A"
"DS020441","*ﾊﾟﾝｹﾚｰﾄ UD10 20KGX1 PN*","6A"
"DS030062","ｽﾗｲﾀﾞｰ 905 18KGX1  CN","6A"
"DS030063","ｽﾗｲﾀﾞｰ 905 200KGX1  DM",
"DS030225","ｽﾗｲﾀﾞｰ C430 200KGX1  DM",
"DS030226","ｽﾗｲﾀﾞｰ C430 1000KGX1  CT",
"DS030273","ｽﾗｲﾀﾞｰ AW1 200KGX1  DM",
"DS030274","ｽﾗｲﾀﾞｰ AW1 1000KGX1  CT",
"DS030276","ｽﾗｲﾀﾞｰ DW1 200KGX1  DM",
"DS030277","ｽﾗｲﾀﾞｰ DW1 1000KGX1  CT",
"DS030292","ｽﾗｲﾀﾞｰ KG1 1000KGX1  CT",
"DS030305","ｽﾗｲﾀﾞｰ CW2 200KGX1  DM",
"DS030306","ｽﾗｲﾀﾞｰ CW2 1000KGX1  CT",
"DS030308","ｽﾗｲﾀﾞｰ S430H 20KGX1  PN","6A"
"DS030309","ｽﾗｲﾀﾞｰ S430H 200KGX1  DM",
"DS030310","ｽﾗｲﾀﾞｰ S430H 1000KGX1  CT",
"DS020221","●ﾊﾟﾝｸﾘｰﾅ NLK1 ﾛｰﾘｰ",
"DS020265","●*ﾀﾞｲｷﾚｰﾄ GS ﾛｰﾘｰ*",
"DS020277","●*ﾊﾟﾝｹﾚｰﾄ LC7S ﾛｰﾘｰ*",
"DS030061","●ｽﾗｲﾀﾞｰ 905 ﾛｰﾘｰ",
"DS030227","●ｽﾗｲﾀﾞｰ C430 ﾛｰﾘｰ",
"DS020453","ｻﾆﾀｽｱﾙﾐﾗｰｼﾞ 20KGX1  PN","2A"
"DS020462","*ﾊﾟﾝｹﾚｰﾄ CA 1000KGX1 CT*",
"DS030312","ｽﾗｲﾀﾞｰ AH2 200KGX1  DM",
"DS030313","●ｽﾗｲﾀﾞｰ CW2 ﾛｰﾘｰ",
"DS030316","ｽﾗｲﾀﾞｰ S430H 500KGX1  CT",
"622","BI ｼｭｱﾌｫｰﾑｻｯﾄ(ｴﾝﾃﾞｭﾗｻｯﾄ)",
"DS030311","ｽﾗｲﾀﾞｰ AH2 1000KGX1  CT",
"332","BI ｽﾗｲﾀﾞｰ AH2",
"623","BI ﾀﾞｲｷﾚｰﾄ GL3 (30%)",
"DS020472","*ﾀﾞｲｷﾚｰﾄ E40 1000KGX1 CT*",
"DS050053","*ﾀﾞｲｷﾚｰﾄ S35 1200KGX1 CT*","6B"
"4985134","ｱｲﾛﾌｵｰﾑ KEK-T3 200LT",
"4985492","BI CLAX BACDROP",
"4986621","BI ｱｲﾛﾌｵｰﾑ KEK-T3 (KEK-T3)",
"4999683","BI ﾆﾎﾝｼｮｯｹﾝｵｲﾙｸﾘｰﾅｰ",
"5008458","BI ★ｻﾆｯｼｭ",
"T35755","ｾｰﾌﾀｯﾁ ｱﾙｺｰﾙｼﾞｪﾙ 800MLX6","AG"
"T40228","ｳｨﾝﾀｰ GR-5 5LX1","7B"
"T20027","*ｸﾘｱﾏｽﾀｰｾﾝｼﾞｮｳｷﾖｳﾘｷｯﾄﾞ12.5KGX1","7A"
"T20028","*ｸﾘｱﾏｽﾀｰｾﾝｼﾞｮｳｷﾖｳﾘｷｯﾄﾞ25KGX1*","2A"
"T10118","ﾃｨｰﾎﾟｰﾙﾌﾞﾙｰﾅﾁｭﾗﾙ 18KGX1","2C"
"5105792","BI ﾃｨｰﾎﾟｰﾙﾌﾞﾙｰﾅﾁｭﾗﾙ",
"5110727","BI ｾｰﾌﾀｯﾁｱﾙｺｰﾙｼﾞｪﾙ",
"DS020606","*ﾊﾟﾝｸﾘｰﾅL2 1200KGX1 CT*",
"T232060","ﾘﾝｽAD 5KGX4","7B"
"T260610","PROGEN2ﾌﾟﾗｽ 5LX2","7B"
"T260720","ﾌﾟﾛﾃﾞｭｼｬｲﾝﾌﾟﾗｽ 5LX2","7B"
"T262410","ﾄﾞﾗｲｲｯﾄ 5LX2","7B"
"T306100","*ﾃｯﾊﾟﾝｸﾘｰﾅｰ 1KGX6*","JP3"
"T355000","*ｸﾞﾘﾙ（D9） 2LX6*","JP3"
"T418060","ｵｳｼｮｳﾘﾝｽD 10KGX2","7A"
"T461220","●MDｼｮｯｷｾﾝｼﾞｮｳｷﾖｳﾘﾝｽｻﾞｲ5KGX4","7B"
"T471940","ﾃﾞﾀｰｸﾘｰﾝLK 12KGX2","7A"
"T472300","ﾆｭｰﾘﾝｽｴｰｽ 10KGX2","7A"
"T472310","ﾆｭｰﾘﾝｽｴｰｽ 5KGX4","7B"
"T500060","CMｾﾝｼﾞｮｳｷﾖｳﾀﾌﾞﾚｯﾄｾﾝﾖｳﾎﾙﾀﾞｰ 1X6",
"T40112","*ｽﾄﾛﾝｸﾞﾘｷｯﾄﾞ 20LX1*","2A"
"T40110","*ｽﾄﾛﾝｸﾞﾘｷｯﾄﾞ 10LX1*","7A"
"5184064","ｸﾞﾘｰﾝｴﾌ 18LX1",
"DS020609","●*ﾀﾞｲｷﾚｰﾄ GL3 (30%) ﾛｰﾘｰ*",
"212","BI ﾀﾞｲｷﾚｰﾄML3",
"5200343","ｽﾌﾟﾘﾝﾄ-ﾘｽﾄｱﾗｰ  5LTX3",
"5200351","ｽﾌﾟﾘﾝﾄ-ｸﾞﾛｽ  BIB18LTX1",
"5200378","ｽﾌﾟﾘﾝﾄ-ﾀﾌ  BIB18LTX1",
"DS020616","ﾊﾟﾝｹﾚｰﾄ DS11a 20KGX1 PN","6A"
"DS020481","●*ﾀﾞｲｷﾚｰﾄ ML3 ﾛｰﾘｰ*",
"DS020480","*ﾀﾞｲｷﾚｰﾄ ML3 20KGX1 PN*","6A"
"409","BI ﾊﾟﾝｹﾚｰﾄ DS11a",
"972","BI ｴﾝﾃﾞｭﾗ　SMS",
"T40030","ELWｴｺｸﾘｰﾝ 20LX1","7B"
"5214260","GSﾀﾊﾞｺｾﾝﾖｳｼｮｳｼｭｳ 5LX3",
"5214323","ｸﾞﾗｽｸﾘｰﾝﾌﾟﾛ N 5LX3",
"5214340","ｸﾞﾘｰﾝﾌﾟﾗｽ ﾏﾙﾁｸﾘｰﾅｰ 5LX3",
"5214391","ｼﾞﾕｼﾜﾂｸｽ ｺｳｷﾕｳﾀｲﾌﾟ 5LX3",
"5214446","ｼﾞｭｼﾜｯｸｽﾖｳﾊｸﾘｻﾞｲ N 5LX3",
"5214454","ｼﾞｮｷﾝｶﾞﾃﾞｷﾙ ﾊﾞｽｸﾘｰﾅｰ 5LX3",
"5214489","ﾀﾞｽﾄｷｰﾊﾟｰ 5LX2",
"5214500","ﾁｭｳｾｲﾏﾙﾁｸﾘｰﾅｰ 5LX3",
"5214518","ﾃﾞｲﾘｰｸﾘｰﾅｰ ﾁｭｳｾｲ 5LX2",
"5214577","ﾆｭｰ ｴﾎﾟｯｸｽ 5LX3",
"5214921","ﾆｭｰ ﾊﾞｽ ｼｬｲﾝ 5LX3",
"5214930","ﾆｭｰｸｲｯｸﾒﾝﾃ 5LX3",
"5214956","ﾉｳｼｭｸ ﾕｶﾖｳ ｾﾝｻﾞｲ N 5LX3",
"5215001","ｻﾞｵｰｸﾘｰﾝｶﾌﾟｾﾙ ﾈｵ 5LX3",
"5215019","ﾌｧｲﾊﾞｰﾌﾚｯｼｭﾌﾟﾛ 5LX3",
"5215043","ﾌﾟﾛﾏｯｸｽ 5LX3",
"5215078","ﾑﾘﾝﾌｫﾜｰﾄﾞ 5LX3",
"5215094","ﾕｶﾖｳｼﾞﾕｼﾜﾂｸｽ 5LX3",
"5215140","ﾕｶﾖｳｾﾝｻﾞｲ ﾁｭｳｾｲﾀｲﾌﾟ 5LX3",
"5215191","ﾄｲﾚﾉｼｮｳｼｭｳﾎﾞｳｼｭｳｻﾞｲ 2LX4","JP3"
"T15020","ﾃｨｰﾎﾟｰﾙﾌﾞﾙｰﾅﾁｭﾗﾙ 5KGX3","JP1"
"T15030","ｽｰﾊﾟｰﾃｨｰﾎﾟｰﾙ 5KGX3","JP1"
"T15040","ﾃｨｰﾎﾟｰﾙﾌﾞﾙｰﾅﾁｭﾗﾙC 5KGX2","JP1"
"T15050","ﾃｨｰﾎﾟｰﾙｸﾘｱ 5KGX3","JP1"
"T26263","ﾘﾝｽｱｯﾌﾟ 5LX2","7B"
"T30030","ｽﾄｱ ﾌﾞﾚｰｸｱﾂﾌﾟ S 5LX3","JP1"
"T30050","ｽﾄｱ ｶﾂﾄﾊﾞﾂｸ   5LX3","JP1"
"T30060","ｽﾄｱｱﾙｺｰﾙｼﾞｮｷﾝｻﾞｲEX5LX3","JP1"
"T30134","ｶﾂﾄﾊﾞﾂｸ 5LX3","JP1"
"T30203","ｱﾌﾞﾗﾖｺﾞﾚﾖｳ ｾﾝｻﾞｲ  5KGX3","JP1"
"T30211","ｸﾞﾘｽﾊﾞｽﾀｰ 5KGX3","JP1"
"T30603","ｽﾁｰﾑｵｰﾌﾞﾝｸﾘｰﾅｰ 2KGX6","JP3"
"T34801","PS ﾉｳｼｭｸﾁｭｳｾｲｾﾝｻﾞｲ 5KGX3","JP1"
"T34811","PS ｱﾌﾞﾗﾖｺﾞﾚｵﾄｼ 5KGX3","JP1"
"T34945","ｱﾙｺｰﾙ ｼﾞｮｷﾝｻﾞｲ EX   5LX3","JP1"
"T34987","ﾌｷﾝﾖｳｾﾝｻﾞｲ  5LX3","JP1"
"T35651","STｺﾝｸ(D-94) 2LX6","JP3"
"T40101","ｵｿｳｼﾞﾎﾝﾎﾟ強力油汚れ用 5LX3","JP1"
"T40103","ﾁﾕｳﾎﾞｳ･ﾎｰﾙﾖｳｸﾘｰﾅｰ  5LX3","JP1"
"T40104","ｵｲﾙｸﾘｱ 5LX3","JP1"
"T40230","ｳｨﾝﾀｰDU-2 2LX6","JP3"
"T40232","ｳｨﾝﾀｰPR-2 2LX6","JP3"
"T41929","TSC-2 ﾀﾆｺｰ ｽﾁｺﾝｸﾘｰﾅｰ 2LX6","JP3"
"T14403","ﾍﾞｼﾞｰﾀｽ 2KGX6","JP3"
"T30012","*BR5512Sﾘｷｯﾄﾞ 5LX3*","JP1"
"T31806","ｻﾆﾀﾘｰｸﾘｰﾅｰ 5KGX3","JP1"
"T35152","ｺﾝﾄﾛｰﾙ 5LX3","JP1"
"DS040075","ﾆﾎﾝｼｮｯｹﾝｵｲﾙｸﾘｰﾅｰ 5KGx2 CS","JP1"
"5222614","GSﾀﾊﾞｺｾﾝﾖｳｼｮｳｼｭｳｽﾀｰﾀｰｾｯﾄX1",
"T41815","ﾃｨｰﾎﾟｰﾙｸﾞﾘｰﾝ 5Lx3","JP1"
"T14000","ﾃｨｰﾎﾟｰﾙｸﾞﾘｰﾝ 10KGx2","7A"
"301","BI ｽﾗｲﾀﾞｰ GP2",
"T40009","TSW-10 10LX1","7A"
"T30128","ｽﾄｱﾁｭｳｾｲｶｯﾄﾊﾞｯｸ 5LX3","JP1"
"T30153","ｸﾞﾘﾄﾞﾙｸﾘｰﾅｰ 5LX3","JP1"
"DS030615","ｽﾗｲﾀﾞｰ AW1 20KGx1 PN","6A"
"DS030617","ｽﾗｲﾀﾞｰ Dry72 20KGx1 PN","6A"
"T40238","*ｳｲﾝﾀｰD-20A 20LX1*","2A"
"T40235","ｳｲﾝﾀｰPR-5 5LX2","7B"
"5248128","希釈用ボトル　5LX3",
"T14006","ｺﾝｸｴｺ 5KGX2","JP1"
"T10224","ﾃｨｰﾎﾟｰﾙｺﾝｸK 2KGX6","JP3"
"T40034","2/5Lﾎﾞﾄﾙﾌﾟｯｼｭﾎﾟﾝﾌﾟ10MLX6","OFF"
"T40035","2/5Lﾎﾞﾄﾙﾌﾟｯｼｭﾎﾟﾝﾌﾟ20MLX6","OFF"
"T40036","2/5Lﾎﾞﾄﾙﾌﾟｯｼｭﾎﾟﾝﾌﾟ30MLX6","OFF"
"T30109","ﾌﾞﾚｰｸｱｯﾌﾟS 5LX3","JP1"
"T40024","ﾘﾝｽｱｯﾌﾟ 10LX1","7A"
"T35155","ｵｰﾌﾞﾝｸﾘｰﾅｰFF 5LX3","JP1"
"T35146","ｵｰﾌﾞﾝｸﾘｰﾅｰFF　20LX1","7B"
"T30221","ﾆｭｰﾚﾝｼﾞｸﾘｰﾅｰ 5KGX3","JP1"
"T30222","ﾆｭｰﾚﾝｼﾞｸﾘｰﾅｰ 20KGX1","2A"
"T40023P","5L BOTTLE ﾅﾁｭﾗﾙ(20) 1PX1","OFF"
"T40024P","5L BOTTLE 遮光(20) 1PX1","OFF"
"T40025P","5Lﾎﾞﾄﾙ用ｷｬｯﾌﾟ(1000)1PX1","OFF"
"T40026P","ｽﾌﾟﾚｰｾｯﾄ(OCFF)(12) 1PX1","OFF"
"T40027P","希釈用ﾎﾞﾄﾙ　2L(6) 1PX1","JP3"
"T30013","ﾎｼｻﾞｷCES-2DHS 2LX6","JP3"
"DS030618","●ｽﾗｲﾀﾞｰAH2 ﾛｰﾘｰ",
"5298889","BI ｽﾌﾟﾘﾝﾄｸﾞﾛｽ",
"5298900","BI ｽﾌﾟﾘﾝﾄﾀﾌ",
"T40240","*ｳｨﾝﾀｰD-10A 10LX1*","7A"
"DS020620","●NS ｵｲﾙｸﾘｰﾅｰ 0.1x100",
"T21541","ﾃﾞﾀｰﾌｧｲﾝRC 12.5KGX1","7A"
"T21542","ﾃﾞﾀｰﾌｧｲﾝRC 25KGX1","2A"
"5343782","BI ﾄｲﾚﾉｼｮｳｼｭｳﾎﾞｳｼｭｳｻﾞｲ",
"5369202","ｼﾞｭｼﾜｯｸｽｸﾞﾘｰﾝﾎﾟｼﾞｼｮﾝ18LX1",
"5369211","ｸﾞﾘｰﾝﾏﾙﾁｸﾘｰﾅｰ 5LX3",
"5375338","BI ★ﾃﾞﾀｰﾌｧｲﾝ RC",
"303","BI ｽﾗｲﾀﾞｰ DRY72",
"T41934","ﾖｼﾉﾔ ﾏﾙﾁｸﾘｰﾅｰTH 5KGX3","JP1"
"T40028","●MDｴｷﾀｲｾﾝｻﾞｲ(ｱﾙﾐ) 12.5KGX2","7A"
"5387540","ｶﾌﾟｾﾚｰｼｮﾝｸﾘｰﾅｰ 5LX3",
"5395021","BI ｽﾀｯﾄﾌﾟﾗｽ",
"T40037","ｼｰｸﾘｰﾝ ﾈｵ 20KGX1","7B"
"5528710","PI GSﾀﾊﾞｺｾﾝﾖｳｼｮｳ5L",
"T15001","ｽﾄｱｰﾁｭｳｾｲｾﾝｻﾞｲ　5LX3","JP1"
"255","BI ﾀﾞｲｷﾚｰﾄHDS(ｼﾌﾟﾄﾝHDS)",
"T14305","ﾌﾟﾛｾﾝﾃNL　5LX3","JP1"
"5567997","ｼﾞｭｼﾜｯｸｽUHSﾖｳｺｳﾀｸ2 18LTX1",
"5568009","ｼﾞｭｼﾜｯｸｽUHSﾖｳﾀｲｷｭｳ2 18LTX1",
"5568017","ｼﾞｭｼﾜｯｸｽｽﾀﾝﾀﾞｰﾄﾞ03 18LTX1",
"T40251","ｳｨﾝﾀｰAD-10A 10LX1","7A"
"T40252","ｳｨﾝﾀｰAD-20A 20LX1","2A"
"5606167","G ﾄﾗｽﾄ 18LX1",
"5606175","SD COAT 18LX1",
"5606183","ﾊﾞﾝﾉｳｷﾝｸﾞ18LX1",
"T40111","ﾎｼｻﾞｷ JWS-10DHH 10LX1","7A"
"T40121","ﾎｼｻﾞｷ JWS-20DHH 20LX1","2A"
"T40052","ﾉｳｼｭｸﾁｭｳｾｲ HNS-1 5KGX2","JP1"
"5689134","BI ﾊﾞｯｸD10",
"T40053","ｱﾌﾞﾗﾖｺﾞﾚﾖｳ HOL-1 5LX3","JP1"
"5729491","ﾃﾞｲﾘｰｸﾘｰﾅｰ ｲﾝﾃﾘﾄﾞｰｽ 1.5LX4",
"T30340","ｵｲﾙﾊﾞｽﾀｰ 20LX1","2A"
"T30335","ｵｲﾙﾊﾞｽﾀｰ 5LX3","JP1"
"T30015","PS ｱﾙｶﾘｼﾞｮｷﾝｾﾝｻﾞｲ 5LX3","JP1"
"5734943","BI ★ｵｲﾙﾊﾞｽﾀｰ",
"5764704","BI ｸﾞﾘﾙ D9",
"T20061","ﾃﾞﾀｰﾌｧｲﾝSW 10KGX1","7A"
"T20062","ﾃﾞﾀｰﾌｧｲﾝSW 20KGX1","2A"
"5798648","BI ﾊﾞｯｸｺﾝｸ",
"5811056","ﾌﾟﾚﾅｽ　C ﾕｶﾖｳ　2LX6","JP3"
"T30320","ｻﾆｯｼｭ　20LX1","7B"
"T30305","ｻﾆｯｼｭ　5LX3","JP1"
"T41420","ELWｴｺﾗﾝﾄﾞﾘｰｼｽﾃﾑｾﾝｻﾞｲ 20LX1","7B"
"5878234","ﾊｸﾘｻﾞｲﾉﾝﾘﾝｽﾀｲﾌﾟ N 18LX1",
"T35596","ﾊﾞｯｸ (D10) 2LX6","JP3"
"5883068","ﾋﾟｭｱﾚｯﾄ S ﾊﾟｳﾁ300mlX12",
"5893899","BI ｽﾀｰﾌﾟﾗｽ",
"5901220","ｸﾞﾘｰﾝﾌﾟﾗｽﾜｯｸｽ EX18LX1",
"T20331","ﾘﾝｽｴｸｾﾚﾝﾄ 10LX1","7A"
"T40047P","ﾊﾝﾄﾞｿｰﾌﾟﾖｳｷｼｬｸﾎﾞﾄﾙ2L(6)1PX1","JP3"
"5904332","BI ﾌﾟﾛﾐﾈﾝｽ",
"T40056P","2/5LﾌﾟｯｼｭﾎﾟﾝﾌﾟJAN（6）1PX1","OFF"
"DS030622","ｽﾗｲﾀﾞｰ TP 17KGX1 CN","6A"
"5913263","BI ｵﾌﾟﾁﾏﾑDWCﾘｷｯﾄﾞM",
"5913298","BI ﾘﾝｽ ｴｸｾﾚﾝﾄ",
"305","BI ｽﾗｲﾀﾞｰTP",
"T26320","ﾌﾟﾛﾃﾞｭｼｬｲﾝﾌﾟﾗｽ 20LX1","2A"
"T20212","ﾌﾟﾛｾﾝﾃDWｴｷﾀｲｾﾝｻﾞｲMA 24KGX1","2A"
"T20224","ﾌﾟﾛｾﾝﾃDWｴｷﾀｲｾﾝｻﾞｲMA 12KGX1","7A"
"T40325","ｸﾘｰﾝｱｯﾌﾟAﾘｷｯﾄﾞ 25KGX1","2A"
"T30345","ｵｲﾙﾊﾞｽﾀｰ ｽﾄﾚｰﾄ 5LX3","JP1"
"5913264","BI ★ﾌﾟﾛｾﾝﾃDWｴｷﾀｲｾﾝｻﾞｲMA",
"DS020675","AKｸﾘｰﾝ NO.1 20KGX1 PN","6A"
"5930581","BI ｵｲﾙﾊﾞｽﾀｰｽﾄﾚｰﾄ",
"DS030623","ｽﾗｲﾀﾞｰTC60 20KGX1 CN","6A"
"T40063","ｵｲﾙﾊﾞｽﾀｰ ｱﾜｽﾌﾟﾚｰｾｯﾄ 600MLX12",
"T30242","ﾏｲｸﾛﾌｧｲﾊﾞｰｳｫｯｼｭ 2LX6","JP3"
"5945011","ｻﾞｵｳｸﾘｰﾝFVII 20KGX1",
"5948212","ﾋﾟｭｱﾚｯﾄ S ﾊﾟｳﾁｼｮｳｼｭｳ300mlX12",
"T20424","ｽﾄｱｾﾝｼﾞｮｳｷﾖｳｾﾝｼﾞｮｳｻﾞｲ 24KGX1","2A"
"T20412","ｽﾄｱｾﾝｼﾞｮｳｷﾖｳｾﾝｼﾞｮｳｻﾞｲ 12KGX1","7A"
"T44420","ELW HCﾗﾝﾄﾞﾘｰ4ｱﾊﾞ20LX1","7B"
"5955156","BI ﾏｲｸﾛﾌｧｲﾊﾞｰｳｫｯｼｭ",
"T40076","ｴｱｵｰｽﾁｰﾑｾﾝﾖｳｾﾝｻﾞｲ 2LX6","JP3"
"T36201","PK ｼﾞｮｷﾝｱﾙｺｰﾙﾌﾟﾛ 2LX6","JP3"
"T36200","PK ｱﾌﾞﾗﾖｺﾞﾚﾖｳﾌﾟﾛ 2LX6","JP3"
"T16200","PK ｷｯﾁﾝﾖｳﾌﾟﾛ(ﾁｭｳｾｲ) 2LX6","JP3"
"T16105","ｽﾀｰｺﾝｸ 5LX2","7B"
"5979959","BI 消臭(赤)/ﾋﾟｭｱﾚｯﾄ消臭",
"306","BI ｽﾗｲﾀﾞｰTC60",
"DS030624","ｽﾗｲﾀﾞｰ Dry72 500KGX1 CT",
"DS020679","*ﾀﾞｲｷﾚｰﾄ ML3 1TX1 CT ｶｷﾞﾂｷ*",
"5984432","BI ｽﾀｰｺﾝｸ",
"DS030625","ｽﾗｲﾀﾞｰ TP 1000KGX1 CT",
"DS030626","ｽﾗｲﾀﾞｰ DW1 500KGX1  CT",
"T40440","ﾍﾞｽﾄｳｫｯｼｭ 11.5KGX1","7A"
"T40441","ﾍﾞｽﾄｳｫｯｼｭ 23KGX1","2A"
"T40442","ﾍﾞｽﾄｳｫｯｼｭｴｰｽ 24KGX1","2A"
"600200","BI ﾁｭｳｾｲﾃﾞﾀｰｾｰﾌ",
"5985566","ﾃｨｰｼｰﾜｯｸｽ 18L",
"5985988","ｴﾑﾃﾞｨｰｺｰﾄ 18L BIB",
"2903773","BI ﾍﾞｽﾄｳｫｯｼｭ",
"T40443","ﾍﾞｽﾄｳｫｯｼｭｴｰｽ 12KGX1","7A"
"5792052","ﾌﾟﾛﾐﾈﾝｽ 2LX6","JP3"
"2DS020635","*ﾀﾞｲｷﾚｰﾄHDS 20KGX1 PN*","6A"
"2DS020646","*ﾀﾞｲｷﾚｰﾄHDS SUS 1000KGX1 CT*",
"2DS020652","*ﾀﾞｲｷﾚｰHDS 1TX1 CT ｶｷﾞﾂｷ*",
"2DS020674","*ﾀﾞｲｷﾚｰﾄHDS 240KGX1*",
"2DS020369","*ｻﾆﾌｫｰﾑ C 20KGX1 PN*","6A"
"2DS020365","ﾊﾟﾝｸﾘｰﾅ AF111 18KGX1 CN",
"2DS020344","ｾﾌﾃｨｻｲﾄﾞ K 20KGX1 PN","6A"
"2DS020401","*ｼｭｱﾌｫｰﾑ ﾏｯｸｽ 24KGX1 PN*","6A"
"2T30420","ｱﾙﾌｧ 20LX1",
"2T35790","ﾋﾟｭｱﾎﾜｲﾄ(7XL2) 20LX1",
"2T35815","ﾊﾞｯｸﾄﾞﾛｯﾌﾟ 10LX1",
"2T35830","*ﾍﾞｰﾀ(1AL2) 20LX1*",
"25214358","ｸﾘﾝﾍﾞｰﾙ 450mLX6",
"216286","ｵﾌﾟﾁﾌｧｲﾝ135ｽﾍﾟｼﾔﾙ 12KGX1","JP3"
"216288","ｵﾌﾟﾁﾌｧｲﾝ135ｽﾍﾟｼﾔﾙ 25KGX1",
"2T15000","ﾁｭｳｾｲｾﾝｻﾞｲｺﾝｸ3 5LX3",
"2T20072","ｵﾌﾟﾁﾌｧｲﾝDWCﾘｷｯﾄﾞM 12KGX1","JP3"
"2T20163","ｵﾌﾟﾁﾌｧｲﾝ163 5KGX2",
"24377551","ｸﾘｽﾀﾌﾟﾛ 5LX3",
"24531175","ﾀﾌﾈｽ-ｴｽﾕｰ 18LX1",
"25047","ｼｮｯﾌﾟ500(BIB) 18LTX1",
"25077","ｼｮｯﾌﾟ600(BIB) 18LTX1",
"24477199","ｳｯﾄﾞｷｰﾌﾟﾌﾛｰﾘﾝｸﾞﾜｯｸｽ 18LX1(BIB)",
"216208","ｳﾙﾄﾗｺﾝｸE 1.5LX6",
"25214331","ｶﾞﾗｽｸﾘｱ　 5LX3",
"5991801","ﾊﾟｲﾙﾘﾌﾚｯｼｭ 5LX3",
"2DS020638","●*ﾀﾞｲｷﾚｰﾄHDS ﾛｰﾘｰ*",
"2DS020479","ｼｭｱﾌｫｰﾑ SMS 20KGX1  PN","6A"
"5991974","ｵﾚﾉﾜｯｸｽ ｸﾛ 18L BIB",
"DS030630","●ｽﾗｲﾀﾞｰ IA ﾛｰﾘｰ",
"DS030628","ｽﾗｲﾀﾞｰ IA 200KGX1  DM",
"DS030629","ｽﾗｲﾀﾞｰ IA 1000KGX1  CT",
"307","BI ｽﾗｲﾀﾞｰ IA",
"5995975","BI BR5512S ﾘｷｯﾄﾞ",
"5995983","BI ﾍﾞｼﾞｰﾀｽ",
"5995991","BI ｺﾝﾄﾛｰﾙ D4z",
"5996151","ﾁｭｳｾｲﾄｲﾚｸﾘｰﾅｰ ﾙｰｽﾀｰ 800mlX12",
"5996679","BI ﾊﾟｲﾙﾘﾌﾚｯｼｭ",
"5996767","ｸﾘｱｽﾀｰ18L BIB",
"T35101","ｳｲﾙｽｳｫｯｼｭ 2LX6","JP3"
"T35153","ｳｲﾙｽｳｫｯｼｭ 20LX1","2A"
"5997090","BIﾁｭｳｾｲﾄｲﾚｸﾘｰﾅｰ ﾙｰｽﾀｰ",
"5997153","★BI ｳｲﾙｽｳｫｯｼｭ",
"5997348","BI ｸﾘｱｽﾀｰ",
"DS020687","ﾀﾞｲｷﾚｰﾄEM 20KGX1 PN","6A"
"DS020685","ﾀﾞｲｷﾚｰﾄEM 1000KGX1 CT ｶｷﾞﾂｷ",
"23607","ｲｰｼﾞｰｹｱｺｰﾄ 18LTX1",
"212987","ｽﾀﾝﾀﾞｰﾄﾞﾍﾞｰｽ 18LTX1",
"25214278","ｶｰﾍﾟｷｰﾌﾟ ｴｸｽﾄﾌﾟﾛ 5LX3",
"25214286","ｶｰﾍﾟｷｰﾌﾟ ﾆｭｰｼｬﾝﾌﾟｰ 5LX3",
"25214294","ｶｰﾍﾟｷｰﾌﾟ ﾆｭｰﾌﾟﾚｯﾌﾟ 5LX3",
"25214307","ｶｰﾍﾟｷｰﾌﾟ ﾘﾝｻｰ 5LX3",
"T42347","ﾃﾞｯｼｭｸﾘｰﾝﾘｷｯﾄﾞHA 25KGX1","2A"
"224","BI ﾀﾞｲｷﾚｰﾄ EM",
"5998615","BI ﾃﾞｯｼｭｸﾘｰﾝﾘｷｯﾄﾞHA",
"T43583","ELWｳｨﾙｽｸﾘｰﾝ 20LX1","7B"
"5998797","ﾖｸｼﾂﾖｳｾﾝｻﾞｲ ｻﾝｾｲ 5LX3",
"T44534","ｳｨﾝﾀｰ ｼﾞｮｷﾝﾖｳ CA 5LX3","JP1"
"T37167","ﾌﾟﾛｽﾃｨｰﾌﾟLT 10KGX1","7A"
"T22222","●ﾊﾞﾝﾉｰｱﾙｶﾘ(ﾍﾞｽﾄｳｫｯｼｭ)1000KG","6B"
"T43179","●ｱﾙｺｰﾙ(ｻﾆｯｼｭ) 1000LX1","6B"
"T42346","ELW ｵﾌﾞﾂｼｮﾘｼｽﾃﾑ3 20LX1","7B"
"T43176","ﾃﾞｯｼｭｸﾘｰﾝﾘｷｯﾄﾞ55 25KGX1","2A"
"T40137","ﾃﾞｯｼｭｸﾘｰﾝﾘｷｯﾄﾞ77 12.5KGX1","7A"
"T43843","ﾘﾝｽ R-3 10KGX1","7A"
"5999790","ｸﾘｽﾀﾙｼｬｲﾝ 18L BIB",
"DS020696","*ﾊﾟﾝｹﾚｰﾄ UD10 1.2TX1 CT ｶｷﾞﾂｷ*",
"5999984","BI ｸﾘｽﾀﾙｼｬｲﾝ",
"DS020697","*ﾀﾞｲｷﾚｰﾄGL3(30%)1.2TX1 ｶｷﾞﾂｷ*",
"T41397","ﾘﾝｽ R-1 5KGX2","7B"
"6001047","BI ｳｲﾙｽｸﾘｰﾅｰ",
"6001063","BI ﾖｸｼﾂﾖｳｾﾝｻﾞｲｻﾝｾｲ",
"626","BI ｻﾆﾀｽﾀｲｻﾞｰ A1",
"T46723","ﾃﾞｯｼｭｸﾘｰﾝﾘｷｯﾄﾞH 25KGX1","2A"
"T47617","ﾌｧｲﾌﾞｽﾀｰN-5 25KGX1","2A"
"T41697","ｵｰｲｽﾞﾐﾌｰｽﾞ ｷｮｳﾘｮｸｾﾝｻﾞｲ 5LX3","JP1"
"T43197","●ﾌｸｼﾏ ﾌﾞﾗｽﾄﾁﾗｰ洗浄剤2KGX6","JP3"
"6001830","BI ﾍﾞｸﾀｽ α",
"DS020693","*ﾀﾞｲｷﾚｰﾄPF 20KGX1 PN*","6A"
"DS020701","*ﾀﾞｲｷﾚｰﾄPF 240KGX1 DM*",
"DS020702","*ﾀﾞｲｷﾚｰﾄPF 1000KGX1 CT ｶｷﾞﾂｷ*",
"DS020703","*ﾀﾞｲｷﾚｰﾄPF ﾛｰﾘｰ*",
"DS020704","*ﾀﾞｲｷﾚｰﾄ GL3(30%) 240KGX1 PD*",
"244","BI ﾀﾞｲｷﾚｰﾄ PF",
"T38764","ｻﾆｯｼｭ550mlX12(ﾂｹｶｴﾖｳ)","JP3"
"6008302","ﾜｲﾃｨｰｺｰﾄ 18L",
"DS020708","*ｼｭｱｸﾘｰﾝ116 20KGX1 PN JPN*","6A"
"DS020707","*ｼｭｱﾌｫｰﾑ ﾏｯｸｽ 240KG DM*",
"T38746","●ﾕｼｾﾝｻﾞｲ(ﾆｭｰﾚﾝｼﾞｸﾘｰﾅ)1000KG","6B"
"T24967","ﾌﾟﾛｾﾝﾃDWﾘﾝｽｻﾞｲ 5KGX3","7B"
"T37631","ﾌﾟﾛｾﾝﾃｼﾞｮｷﾝｱﾙｺｰﾙEX 5LX3","JP1"
"T49764","KFCｱﾙｺｰﾙﾖｳｽﾌﾟﾚｰﾎﾞﾄﾙ(ｼﾛ)1X12","OFF"
"T41387","KFCｱﾙｺｰﾙﾖｳｽﾌﾟﾚｰﾎﾞﾄﾙ(ﾐﾄﾞﾘ) 1X12","OFF"
"T44972","KFCｵｲﾙﾊﾞｽﾀｰﾖｳ30MLﾎﾟﾝﾌﾟ1X6","OFF"
"T43976","KFCﾆｭｰｷｯﾁﾝｸﾘｰﾅｰﾖｳ30MLﾎﾟﾝﾌﾟ1X6","OFF"
"T42564","KFCﾊﾝﾄﾞｿｰﾌﾟNSﾖｳｷｼｬｸﾎﾞﾄﾙ 1X6","OFF"
"DS020709","*ｼｭｱｸﾘｰﾝ116 1000KG CT JPN*",
"256","BI ﾀﾞｲｷﾚｰﾄ GSB(30%)",
"259","BI ｼｭｱｸﾘｰﾝ 116 (ｺｸﾅｲ)",
"DS020710","*ﾀﾞｲｷﾚｰﾄ GSB(30%) 20KGX1 PN*","6A"
"DS030632","ｽﾗｲﾀﾞｰ TC60 1000KGX1 CT",
"T41876","ﾏﾙｾﾞﾝMD-RC10 10LX1","7A"
"T41276","ﾏﾙｾﾞﾝMD-SC5 5LX2","7B"
"T41467","ﾏﾙｾﾞﾝMD-SC10 10LX1","7A"
"T41178","ﾏﾙｾﾞﾝMD-SC20 20LX1","2A"
"T41945","ﾏﾙｾﾞﾝSC-ST2C 2LX6","JP3"
"DS020713","ｻﾆﾀｽｻｲｺｳｸﾘｰﾝ 10LX1",
"DS030631","ｽﾗｲﾀﾞｰ IA2 20KGX1 PN","6A"
"DS030635","ｽﾗｲﾀﾞｰ IA2 200KGX1  DM",
"DS030633","ｽﾗｲﾀﾞｰ IA2 1000KGX1  CT",
"DS030634","●ｽﾗｲﾀﾞｰ IA2 ﾛｰﾘｰ",
"6013339","ｼｰｴｽｺｰﾄ 18L",
"308","BI ｽﾗｲﾀﾞｰ IA2",
"T27690","ﾃﾞﾀｰﾌｧｲﾝｺﾝｸLA 6KGX3","JP1"
"T20176","ﾃﾞﾀｰﾌｧｲﾝｺﾝｸLM 6KGX3","JP1"
"6013881","ｱﾝﾓﾆｱｸﾘｱ 10LBIBx1",
"6013890","ｱﾝﾓﾆｱｸﾘｱ 550MLx12",
"6017663","★BI ﾃﾞﾀｰﾌｧｲﾝ　ｺﾝｸ　LA",
"6017671","BI ★ﾃﾞﾀｰﾌｧｲﾝ　ｺﾝｸ　LM",
"T40061","ｶﾈﾖｼ ｷｯﾁﾝﾌﾟﾛ DISH SOAP 5KGX3","JP1"
"6017971","BI ｷｯﾁﾝﾌﾟﾛ DISH SOAP",
"6018210","ｻｽﾃｨﾅ ｿﾘｯﾄﾞｼｰﾙ (4.55+0.45)KGX2",
"DS020716","●LY*DAICHELATE RF1 LORRY*",
"6018535","BI ｻｽﾃｨﾅｿﾘｯﾄﾞｼｰﾙ　ｼｭｻﾞｲ",
"6018551","BI ｻｽﾃｨﾅｿﾘｯﾄﾞｼｰﾙ　ﾃﾝｶｻﾞｲ",
"6018578","PI ｻｽﾃｨﾅｿﾘｯﾄﾞｼｰﾙ ﾃﾝｶｻﾞｲ 0.45kg",
"260","BI ﾀﾞｲｷﾚｰﾄ RF1",
"263","BI HDS ﾌﾟﾚﾐｯｸｽ",
"T35743","ｾｰﾌﾀｯﾁﾊﾝﾄﾞｿｰﾌﾟﾌﾟﾗｽF 5LX2","JP1"
"760040","PI HDSﾌﾟﾚﾐｯｸｽ (717KG)",
"T41203","●ﾆﾁﾈﾝﾃﾞｨｰﾌﾟｸﾘｰﾝA 20LX1","2A"
"6020694","BI ｾｰﾌﾀｯﾁﾊﾝﾄﾞｿｰﾌﾟﾌﾟﾗｽF",
"DS020723","*AKｸﾘｰﾝｺｳｷﾚｰﾄｱﾙｶﾘｾﾝｼﾞｮｳｻﾞｲ20K*",
"6021654","BI ｶｯﾄﾊﾞｯｸﾌﾟﾗｽ",
"DS020722","*ﾀﾞｲｷﾚｰﾄ RF401 20KGX1 PN*","6A"
"DS020724","*ﾀﾞｲｷﾚｰﾄ RF401 1TX1  CT ｶｷﾞﾂｷ*",
"DS020725","●*ﾀﾞｲｷﾚｰﾄ RF401 ﾛｰﾘｰ*",
"T31400","ELW ﾐﾆｵﾌﾞﾂｼｮﾘｼｽﾃﾑｾﾝｻﾞｲ3 10LX1","7B"
"T30022","ｾｰﾌﾀｯﾁｽﾄｱﾊﾝﾄﾞｿｰﾌﾟﾌﾟﾗｽC 5LX2","JP1"
"T35764","ｾｰﾌﾀｯﾁﾊﾝﾄﾞｿｰﾌﾟﾌﾟﾗｽ 5LX2","JP1"
"T35765","ｾｰﾌﾀｯﾁﾊﾝﾄﾞｿｰﾌﾟﾌﾟﾗｽC 5LX2","JP1"
"6021996","ｻｽﾃｨﾅ ｿﾘｯﾄﾞｼｰﾙ DS ｸﾘｰﾅｰ 2LX4","JP3"
"T40151","ﾎｼｻﾞｷBCS-2CHS 2LX6","JP3"
"6022868","BI ｾｰﾌﾀｯﾁﾊﾝﾄﾞｿｰﾌﾟﾌﾟﾗｽ (I)",
"6022876","BI ｾｰﾌﾀｯﾁﾊﾝﾄﾞｿｰﾌﾟﾌﾟﾗｽC(Ia)",
"6025188","BI ｻｽﾃｨﾅｿﾘｯﾄﾞｼｰﾙ DSｸﾘｰﾅｰ",
"DS020728","*ﾀﾞｲｷﾚｰﾄ RF401 240KGX1 DM*",
"T32500","ﾌﾟﾛｽﾃｨｰﾌﾟLT 5KGX3","JP1"
"6027036","ｸｲｯｸｽﾀｰ 18LBIB",
"DS020731","*ﾀﾞｲｷﾚｰﾄ RF1 240KGX1 DM*",
"6027263","ﾍﾞｸｽﾀｰ 18LBIB",
"T40233","ｳｨﾝﾀｰﾁｭｳｾｲｾﾝｻﾞｲCNA 5LX2","7B"
"DS020732","ﾊﾟﾝｸﾘｰﾅ PN 1000KGX1 CT",
"T41680","ｼﾞｪｰｼｰｱｲ ｳｲﾙｽｽﾊﾟｯﾄ 20LX1","7B"
"201","BI ﾀﾞｲｷﾚｰﾄ RF401",
"DS020730","ﾊﾟﾝｹﾚｰﾄ DS12a 20KGX1 PN","6A"
"DS020736","ﾀﾞｲｷﾚｰﾄ EM 240KGX1 DM",
"6028186","ｼｬｲﾝﾎﾟﾘｯｼｭ BT 2Lx8","JP3"
"T40071","ｶﾈﾖｼ ｷｯﾁﾝﾌﾟﾛｵｲﾙｽｶｯﾄ 5LX3","JP1"
"6028371","ﾌｫﾜｰﾄﾞﾉﾝﾘﾝｽEX 18LX1",
"6028389","ｼﾞｮｷﾝｸﾘｰﾅｰEX 5LX3",
"245","BI ﾊﾟﾝｹﾚｰﾄ DS12a",
"6031908","ﾕｶﾖｳｾﾝｻﾞｲ(ｱﾙｶﾘﾀｲﾌﾟ)2 5LX3",
"DS020737","*ﾀﾞｲｷﾚｰﾄ RF1 20KGX1 PN*","6A"
"DS020738","*ｻﾆﾀｽ ﾏﾙﾁｸﾘｰﾝ 24KGX1 PN*","6A"
"DS020739","*ﾀﾞｲｷﾚｰﾄRF1 1000KGX1 CT ｶｷﾞﾂｷ*",
"6035343","ｽﾄｰﾝｷｰﾌﾟ ﾎﾟｰﾗｽﾌｫｰﾃｨｰﾝ18Lﾍﾟｰﾙｶﾝ",
"6035845","ｱﾙｶﾘｼﾞｮｷﾝｾﾝｼﾞｮｳｻﾞｲND 20KGx1",
"DS020741","ﾅｶｸﾘｰﾝ 10KGX1  QB",
"DS020742","ｼﾞｮｷﾝｾﾝｼﾞｮｳ TO-R QB 20KGX1","7B"
"DS020743","ｾﾌﾃｨｻｲﾄﾞ SL 20KGX1 PN","6A"
"DS020744","ﾆﾎﾝｼｮｯｹﾝｻﾆｯﾄｸﾘｰﾝN1 5KGX2CS",
"DS020745","ｻﾆﾀｽﾀｲｻﾞｰN1 QB 20KGX1","7B"
"DS020746","ｻﾆﾌｫｰﾑ SC1 20KGX1 PN","6A"
"DS020748","ｻﾆﾀｽﾀｲｻﾞｰN1ﾎﾞﾄﾙﾀｲﾌﾟ20KGX1","2A"
"DS030639","ｽﾗｲﾀﾞｰ ST1 1000KGX1 CT","6B"
"DS030640","ｽﾗｲﾀﾞｰ ST1 20KGX1 PN","6A"
"DS030643","ｽﾗｲﾀﾞｰ JH2 500KGX1 CT","6B"
"DS030644","ｽﾗｲﾀﾞｰ ST1 200KGX1 DM","6B"
"T642700","●ｱﾙﾀﾝｻﾆﾀｲｻﾞｰ 2KGX6","JP3"
"T378100","ﾌﾟﾛﾊﾞｲｵｸﾘｰﾝN20 ND 10KGx2","7A"
"6036194","ﾁｭｳｾｲｼﾞｮｷﾝｾﾝｼﾞｮｳｻﾞｲND 20KGX1",
"T49910","ｵｰｲｽﾞﾐﾌｰｽﾞ ｼｮｯｷﾖｳｾﾝｻﾞｲ 5Lx3","JP1"
"T43858","ｾﾝｼﾞｮｳｼﾞｮｷﾝｻﾞｲEX 5LX3","JP1"
"T30045","PS ﾁｭｳｾｲｼﾞｮｷﾝｾﾝｻﾞｲND 5Lx3","JP1"
"T39818","ｷｯﾁﾝｸﾘｰﾅｰ 5Lx3","JP1"
"T30017","ｽﾄｱ ｷｯﾁﾝｸﾘｰﾅｰND 5Lx3","JP1"
"T35555","ﾊﾞｯｸｺﾝｸ(D10)ND 1.5Lx4","7B"
"T37111","ﾌﾟﾛﾊﾞｲｵｸﾘｰﾝN20 ND 2KGx6","JP3"
"DS020752","●NS ｻﾆｯﾄｸﾘｰﾝ N1 0.1x100",
"DS030637","ｽﾗｲﾀﾞｰ SW2 20KGX1 PN","6A"
"DS030638","ｽﾗｲﾀﾞｰ SW2 200KGX1 DM","6B"
"DS030645","ｽﾗｲﾀﾞｰ SW2 1000KGX1 CT","6B"
"DS030646","●ｽﾗｲﾀﾞｰ SW2 ﾛｰﾘｰ",
"T34804","●ﾁｭｳｾｲｾﾝｻﾞｲ(TSC) 1000KGX1","6B"
"T20177","●3ﾊﾞｲﾉｳｼｭｸﾊﾞﾝﾉｰｾﾝｻﾞｲ1000KG","6B"
"DS020751","ﾗｯｸｹｱ 20KGX1 QB","2A"
"T41430","ELWｻｸﾗｾﾝｻﾞｲ 10LX1","7A"
"T30350","ﾁｭｳｾｲｵｲﾙﾊﾞｽﾀｰ 2LX6","JP3"
"310","BI ｽﾗｲﾀﾞｰ SW2",
"6037584","BI ELW ｻｸﾗｾﾝｻﾞｲ",
"DS030647","*ｽﾗｲﾀﾞｰ SW1 20KGX1 PN*","6A"
"DS030648","*ｽﾗｲﾀﾞｰ SW1 200KGX1 DM*","6B"
"DS030649","*ｽﾗｲﾀﾞｰ SW1 1000KGX1 CT*","6B"
"DS030650","●*ｽﾗｲﾀﾞｰ SW1 ﾛｰﾘｰ*",
"T35767","ｾｰﾌﾀｯﾁﾊﾝﾄﾞｿｰﾌﾟﾌﾟﾗｽM 5Lx2","JP1"
"T41322P","AFA ｽﾌﾟﾚｰﾔﾖｳｱﾜｽﾌﾟﾚ (12)1PX1","OFF"
"6038528","★BI ﾁﾕｳｾｲｵｲﾙﾊﾞｽﾀｰ",
"6038552","ｻｽﾃｨﾅSSﾄﾗﾌｨｯｸ(4.55+0.45)KGx2",
"DS020758","*ｼｭｱｸﾘｰﾝ 124 200KGX1 DM*",
"6039635","ｽｰﾊﾟｰｵｰﾙｺﾞｰﾌﾟﾛEX 18LX1",
"6039643","ｽｰﾊﾟｰﾘﾑｰﾊﾞｰﾌﾟﾛEX 18LX1",
"6039811","BI ｻｽﾃｨﾅSSﾄﾗﾌｨｯｸ",
"DS020762","ｼｭｱﾌｫｰﾑ ｻｯﾄ 20KGX1 PN","6A"
"DS020763","ﾊﾟﾝｸﾘｰﾅ ｱﾙﾐｾｰﾌ 20KGX1 PN","2A"
"6039934","ADJﾁｮｳｷｮｳﾘｮｸﾊｸﾘｻﾞｲ2 18LTX1",
"6039942","ｼｰｴｽ ｾﾝﾖｳﾊｸﾘｻﾞｲ2 18LX1",
"T30124","ﾀﾓｸﾃｷｼﾞｮｷﾝｸﾘｰﾅｰ 5LX3","JP1"
"296","BI ｼｭｱｸﾘｰﾝ 124",
"6040441","BI ｽｰﾊﾟｰﾘﾑｰﾊﾞｰﾌﾟﾛEX",
"6040468","BI ｽｰﾊﾟｰｵｰﾙｺﾞｰﾌﾟﾛEX",
"DS020764","ｻﾆﾀｽﾀｲｻﾞｰ A1 20KGX1 PN","2A"
"6040708","ﾊｸﾘｻﾞｲｷｮｳﾘｮｸﾀｲﾌﾟ H130 18LX1",
"T43878","ｾﾝｼﾞｮｳｼﾞｮｷﾝｻﾞｲEX (ﾕｼｭﾂ) 5Lx3","JP1"
"DS020772","ｻﾆﾀｽﾁｭｳｾｲｱﾌﾞﾗｵﾄｼ 20KGX1 PN","2A"
"T30054","ｻﾆｯｼｭ 18LX1","7B"
"DS030651","ｽﾗｲﾀﾞｰ TP 450KGX1 CT","6B"
"6042199","BI ｾｰﾌﾀｯﾁﾊﾝﾄﾞｿｰﾌﾟﾌﾟﾗｽM",
"T30331","ｻﾆｯｼｭ60 5LX3","JP1"
"T30332","ｻﾆｯｼｭ60 20LX1","7B"
"6042295","BI  ★ｻﾆｯｼｭ 60",
"T303310","ｻﾆｯｼｭ60 5LX3(ME)","JP1"
"T40182","ｴｺﾗﾝﾄﾞﾘｰｾﾝｻﾞｲ 20LX1","7B"
"6043183","ｶﾙﾜｻﾞｵｳ ﾌﾟﾗｽC  18LX1",
"6043191","ｺｳﾀｸｵｳ ﾌﾟﾗｽC 18LX1",
"6043204","ｾﾝｼﾞｮｳｵｳ ﾌﾟﾗｽC 18LX1",
"6043212","ﾀｲｷｭｳｵｳ ﾌﾟﾗｽC 18LX1",
"6043221","ﾊｸﾘｵｳ ﾌﾟﾗｽC 18LX1",
"6043239","BI ｽｰﾊﾟｰﾌﾞﾚｰｸｱｯﾌﾟTG",
"DS030652","ｽﾗｲﾀﾞｰ TC60 500KGX1 CT","6B"
"T30336","ﾏﾃｯｼｭ60 5LX3","JP1"
"T20060","ﾃﾞﾀｰﾌｧｲﾝ SW 5KGX2","7B"
"T40073","ｱﾌﾞﾗﾖｺﾞﾚｸﾘｰﾅｰ ﾊｰﾄﾞ2 5LX3","JP1"
"6044768","BI　ﾈｵ ｵｲﾙﾊﾞｽﾀｰ",
"DS020779","*ﾀﾞｲｷﾚｰﾄ RF2 20KGX1 PN*","6A"
"T30360","ﾈｵ ｵｲﾙﾊﾞｽﾀｰ 5LX3","JP1"
"T30365","ﾈｵ ｵｲﾙﾊﾞｽﾀｰ 20LX1","2A"
"DS020781","●*ﾀﾞｲｷﾚｰﾄ RF2 ﾛｰﾘｰ*",
"DS020780","*ﾀﾞｲｷﾚｰﾄRF2 1000KGX1 CT ｶｷﾞﾂｷ*",
"DS020782","*ｻﾆﾀｽ ﾊﾟﾜｰﾗｰｼﾞ 24KGX1 PN*","6A"
"6045664","ｺｳｷﾝｱﾙｺｰﾄ 18LX1",
"T40074","ｱﾌﾞﾗﾖｺﾞﾚ ｸﾘｰﾅｰﾊｰﾄﾞ2 20LX1","2A"
"DS020783","*ｻﾆﾀｽ ﾊﾟﾜｰﾗｰｼﾞ 1000KGX1 CT*",
"T28049","●KSｼｮｯｷｾﾝｼﾞｮｳｷﾖｳﾘﾝｽｻﾞｲ5KGX3","7B"
"T24968","●ﾋﾏﾜﾘｾﾝｻﾞｲｾﾝﾖｳﾘﾝｽｻﾞｲ 5KGX3","7B"
"6045971","BI ｺｳｷﾝｱﾙｺｰﾄ",
"T37632","ｴﾝﾄﾞﾚｽｱﾙｺｰﾙS60 20LX1","7B"
"273","BI ﾀﾞｲｷﾚｰﾄ RF2",
"6046317","BI ｻﾆｯｼｭMD",
"DS020785","*ﾀﾞｲｷﾚｰﾄ ML1 200KGX1 DM*",
"T28710","ﾃﾞﾀｰﾌｧｲﾝZｺﾝｸ 6KGX3","JP1"
"6046747","PI PROSｱﾙｺｰﾙ用 ｷﾘｽﾌﾟﾚｰﾔｰ&ｺｯｸ",
"6026991","★BI ﾃﾞﾀｰﾌｧｲﾝ Zｺﾝｸ",
"5999361","BI ﾃﾞﾀｰﾌｧｲﾝ SW",
"6050771","XD WETｶｶﾞﾔｷ 18LX1",
"6050800","BI ｺｳﾀｸｵｳ ﾌﾟﾗｽC",
"6050818","BI ﾀｲｷｭｳｵｳ ﾌﾟﾗｽC",
"6050826","BI ﾊｸﾘｵｳ ﾌﾟﾗｽC",
"6050834","BI ｶﾙﾜｻﾞｵｳ ﾌﾟﾗｽC",
"6050842","BI ｾﾝｼﾞｮｳｵｳ ﾌﾟﾗｽC",
"6050906","ｼﾞｭｼﾜｯｸｽｸﾞﾚｲﾄｺｳｷﾝﾌﾟﾗｽ 18LX1",
"T30177","ｻﾆｯｼｭMD 5LX3","JP1"
"DS020784","*ﾀﾞｲｷﾚｰﾄ NSD 20KGX1 PN*","6A"
"DS020786","*ﾀﾞｲｷﾚｰﾄ NSD 1000KGX1 CT*",
"DS020787","*ﾀﾞｲｷﾚｰﾄ NSD ﾛｰﾘｰ*",
"6050965","BI ｼﾞｭｼﾜｯｸｽｸﾞﾚｲﾄｺｳｷﾝﾌﾟﾗｽ",
"6051183","ｳｲﾙｽﾌﾞﾙｰｺｰﾄ 18LX1",
"6051247","BI ｳｲﾙｽﾌﾞﾙｰｺｰﾄ",
"DS020788","*ｼｭｱﾌｫｰﾑ ﾏｯｸｽ 1000KGX1 CT*",
"DS030657","ｽﾗｲﾀﾞｰ GP2 20KGX1 PN","6A"
"DS030658","ｽﾗｲﾀﾞｰ GP2 200KGx1 DM","6B"
"DS030659","ｽﾗｲﾀﾞｰ GP2 1000KGx1 CT","6B"
"DS030660","●ｽﾗｲﾀﾞｰGP2 ﾛｰﾘｰ",
"404","BI ﾀﾞｲｷﾚｰﾄ NSD",
"6051503","ﾕｶﾖｳｾﾝｻﾞｲｷｮｳﾘｮｸﾀｲﾌﾟ2 5LX3",
"T40113","ﾎｼｻﾞｷCES-06DHS 600MLX6","JP3"
"6051706","ｵﾚﾉﾜｯｸｽ ｱｶ ﾌﾟﾗｽ 18LX1",
"6053779","BI ｱﾌﾞﾗﾖｺﾞﾚｸﾘｰﾅｰ",
"6053787","ﾀｲｱﾙｺｰﾙｼﾞｭｼﾜｯｸｽ(ｺｳｷﾝﾌﾟﾗｽ)18LX1",
"6053955","ｵｲﾙﾊﾞｽﾀｰEX 5LX3",
"6053963","ｵｲﾙﾊﾞｽﾀｰEX 20LX1",
"DS020790","ｻﾆﾀｽｵｲﾙｸﾘｰﾝ 22KGX1 PN","2A"
"T30355","ﾁｭｳｾｲｵｲﾙﾊﾞｽﾀｰ5LX3","JP1"
"T48600","ELW COIN ｿｰﾌﾟ 17KGX1","7B"
"6055483","ｶｰﾍﾟｷｰﾌﾟ ｼﾐｸﾘｱES1 450mlX12",
"T30344","ﾀﾓｸﾃｷｱﾌﾞﾗﾖｺﾞﾚﾖｳｾﾝｻﾞｲ5LX3","JP1"
"6055934","BI ｼﾐｸﾘｱ ES1",
"T32650","ﾌﾟﾛｽﾃｨｰﾌﾟLT2 2KGX6","JP3"
"6058545","PI TRG ｼﾐｸﾘｱES1用(ｶｯﾄｽﾞﾐ)",
"6058641","BI ﾌﾟﾛｽﾃｨｰﾌﾟ LT2",
"6058668","BI ｴｺﾗﾝﾄﾞﾘｰ ｾﾝｻﾞｲ",
"406","BI RF401 ﾌﾟﾚﾐｯｸｽ",
"760050","PI RF401 ﾌﾟﾚﾐｯｸｽ(1000KG)",
"T32655","ﾌﾟﾛｽﾃｨｰﾌﾟLT2 5KGX3","JP1"
"T32660","ﾌﾟﾛｽﾃｨｰﾌﾟLT2 10KGX1","7A"
"DS020793","ｻﾆﾀｽｶｶﾞﾔｷｴｰｽ 20kgX1 PN",
"411","BI ｻﾆﾀｽ ｶｶﾞﾔｷｴｰｽ",
"T40270","ｳｨﾝﾀｰAD-20s 20LX1","2A"
"T41685","J-WASH 18LX1","7B"
"T41690","ｳｲﾙｽｽﾊﾟｯﾄ 18LX1","7B"
"T41695","ﾖｺﾞﾚｽﾊﾟｯﾄﾌﾟﾗｽ 18LX1","7B"
"DS020794","ﾗｯｸｹｱ 20KGX1 QB","2A"
"T31523","ｸﾘｱｽﾃｨｰﾌﾟ5LX3","JP1"
"6065569","BI ﾖｺﾞﾚｽﾊﾟｯﾄﾌﾟﾗｽ",
"627","BI ｻﾆﾀｽﾗｯｸｹｱ",
"6065614","BI ｸﾘｱｽﾃｨｰﾌﾟ",
"6065817","ﾋﾟｭｱﾚｯﾄ ｷｮｳﾂｳﾊﾟｳﾁ 300mLX12",
"6065825","ﾋﾟｭｱﾚｯﾄｼｮｳｼｭｳ ｷｮｳﾂｳP 300mLX12",
"DS020791","*ﾀﾞｲｷﾚｰﾄ RF402 1TX1 CT ｶｷﾞﾂｷ*",
"DS020792","*ﾀﾞｲｷﾚｰﾄ RF402 20KGX1 PN*","6A"
"DS020795","●*ﾀﾞｲｷﾚｰﾄ RF402 ﾛｰﾘｰ*",
"DS020796","*ﾀﾞｲｷﾚｰﾄ RF402 240KGX1 DM*",
"751040","BINT ｻﾝﾉﾆｯｸG(ﾇｷﾄﾘﾄﾞﾗﾑﾊﾗｲﾀﾞｽｺﾄ",
"751050","BINT Dow TP",
"T39810","ｷｯﾁﾝｸﾘｰﾅｰ 2LX6","JP3"
"DS020151","ﾁｮｰｷﾝｸﾞﾎﾞｰｼｻﾞｲCP1 200KGX1 PD",
"DS020152","ﾁｮｰｷﾝｸﾞﾎﾞｰｼｻﾞｲCP1 1TX1 CT IBC",
"412","BI ﾀﾞｲｷﾚｰﾄ RF402",
"T32651","NDD-ST 10KGX1",
"T26073","NDD-S 20LX1",
"413","BI ﾁｮｰｷﾝｸﾞﾎﾞｳｼｻﾞｲ CP1",
"6068583","SSﾘｽﾄｱﾗｰ 5LX3",
"6068591","SSﾘﾑｰﾊﾞｰ 18LX1",
"6068604","ﾄﾞﾗｲﾜｯｸｽ SSｺｰﾄ 18LX1",
"6068621","BI KFC ｷｯﾁﾝｸﾘｰﾅｰ",
"T30083","ﾎｼｻﾞｷCES-2DHS 2LX2","JP3"
"T40077","ｱﾌﾞﾗﾖｺﾞﾚﾖｳ HOL-1 5LX2","JP1"
"T14405","ﾍﾞｼﾞｰﾀｽYK 2KGX6","JP3"
"6070165","ｿﾆｶﾙｺｰﾄ 18LBIB",
"6070173","BI MLS ﾁｭｳｾｲｾﾝｻﾞｲ",
"T40134","ﾎｼｻﾞｷ JWR-5CHD 5LX2","7B"
"T40142","ﾊﾝﾄﾞｿｰﾌﾟ HHS-1 5LX2","JP1"
"T40122","ﾎｼｻﾞｷ JWS-6CHM 6KGX2",
"T40114","ﾎｼｻﾞｷ JWS-6CHA 6KGX2",
"6070878","ｶｰﾍﾟｷｰﾌﾟ ﾏﾙﾁｸﾘｰﾅｰ 5LX3",
"6070886","ｶｰﾍﾟｷｰﾌﾟ 防汚ｸﾘｰﾅｰ 5LX3",
"6070923","BI  ﾎﾞｳｵｸﾘｰﾅｰ",
"6071635","BI ﾍﾞｼﾞｰﾀｽYK",
"3207","ｴﾚｯｸｽ              18LTX1",
"4317","ｽﾄｰﾝ ﾗｲﾌ ｸﾘｰﾅｰ     18LTX1",
"3627","ﾆｭｰｾﾝﾁｭﾘｱﾝ         18LTX1",
"4172","ﾋﾟｭｱﾚｯﾄ           300ML(6X2)",
"3517","ｽﾃｲﾀｽ EX           18LTX1",
"7009","ｼﾞﾕｼﾜﾂｸｽ ｺｳｷﾕｳﾀｲﾌﾟ 18LTX1/BIB",
"606400","BI★ ﾊﾞｲｵｸﾘｰﾝN20 (BION20)",
"643580","BI ｴｸｽﾄﾌﾟﾛ",
"610220","BI ﾆﾁﾘｳ中性洗剤",
"600130","BI TE ﾃｨｰﾍﾟｯｸｽｴｲﾄ",
"600134","BI ★ﾆｭｰﾚﾝｼﾞｸﾘｰﾅｰ ｱｵ",
"600135","BI ★TK ｽｰﾊﾟｰﾃｨｰﾎﾟｰﾙ",
"600136","BI TG ﾃｨｰﾎﾟｰﾙｸﾞﾘｰﾝ",
"600137","BI NTS ﾆｭｰﾃｨｰｿｰﾌﾟ",
"600139","BI TSL ｴｷﾀｲﾃｨｰｿｰﾌﾟ",
"3747","ADCｳｴｯﾄ 18LX1",
"604040","BI 中性ﾏﾙﾁｸﾘｰﾅｰ",
"0074","ﾌﾟﾗｲﾄﾞ          480MLX15",
"16084","ｻﾝｾｲﾄｲﾚｸﾘｰﾅｰ     800MLX12",
"20619","ﾃﾝﾎﾟｲ ｺﾊﾞｺｲﾘ(250GRX4)X16",
"10033","ﾄｰﾀﾙｷﾗｰ ｴｸｽﾄﾗS    380MLX12",
"16446","ﾌｷﾝｳｫｯｼｭ            2KGX6","JP3"
"604070","BI JPｶﾞﾗｽ用洗剤",
"640620","BI JPﾄｲﾚﾙｰﾑ用洗剤",
"T14810","ﾊﾟﾝﾄﾘｰ 5KGX2",
"T31720","ﾌﾞﾘｰﾁ 20KGX1",
"T01101","ALT-1LB(N)",
"T01102","ALT-1LS(N)",
"T42720","ｱﾌﾞﾗｷﾞｮｳｺｻﾞｲ 0.5KGX20",
"T63571","*ｻﾆﾀｽｶﾌﾟｾﾙ1 4KGX4*",
"T63581","*ｻﾆﾀｽｶﾌﾟｾﾙ1ﾑﾘﾝ 4KGX4*",
"T64840","●ﾆｭｰﾘﾌﾚｯｼｭ 0.9KGX10",
"T64850","ﾆｭｰﾘﾌﾚｯｼｭ 12KGX1",
"T64920","●Uｸﾘｰﾝ 1X12",
"T64530","ｸﾘｰﾝﾌﾚｯｼｭ5KGX2(+ﾁｭｳﾜｻﾞｲ15KG)",
"T64531","●ｷﾚｲｸﾝ 5X2(+ﾁｭｳﾜｻﾞｲ15)X1",
"T65685","ｻﾆﾀｽﾌﾗｲﾔｰ10KGX1(+中和剤7.5KG",
"3007566","NDECO 2.5ｷｬｯﾌﾟ",
"T21520","*ﾃﾞﾀｰﾌｧｲﾝｽｰﾊﾟｰ　 3KGX4*",
"T21522","*ﾃﾞﾀｰﾌｧｲﾝｽｰﾊﾟｰM 3KGX4*",
"T21528","*ﾃﾞﾀｰﾌｧｲﾝｽｰﾊﾟｰMH 　3KGX4*",
"T21530","ﾃﾞﾀｰﾌｧｲﾝｴｺｽｰﾊﾟｰ 2.5KGX4",
"T21570","ﾃﾞﾀｰﾌｧｲﾝLK 25KGX1",
"T47905","*ﾃﾞﾀｰﾌｧｲﾝｽｰﾊﾟｰｴｰｽ 3KGX4*",
"T41502","*ﾃﾞﾀｰﾌｧｲﾝｾﾝﾖｳﾁｭｳﾜｻﾞｲ 20KGX1*","2A"
"TB13","BI DECO DETERFINE ECO SUPER",
"TB19","BI DLP DELIME P",
"TB22","BI DS DETERFINE SUPER",
"TB25","BI DSM DETERFINE SUPER M",
"TB26","BI DSMH DETERFINE SUPER MH",
"TB37","BI LC DETERFINE LC",
"TB39","BI LDK DETERCLEAN LK",
"TB40","BI LK DETERFINE LK",
"TB51","BI NS NEW SILVER CLEAN",
"TB55","BI PC PIPE CLEANER",
"TB60","BI RW ROSTOL WASH",
"JB1","BI ｼｬｲﾝｱｯﾌﾟｴｱｿﾞｰﾙ",
"JB11","BI ｻﾝｾｲﾄｲﾚｸﾘｰﾅｰ",
"JB12","BI ｴﾝﾄﾞﾊﾞｯｸﾚﾓﾝ ｴｱｿﾞｰﾙ",
"JB13","BI ﾄｰﾀﾙｷﾗｰｴｸｽﾄﾗS ｴｱｿﾞｰﾙ",
"JB14","BI ｸﾞﾗﾝｽ ｴｱｿﾞｰﾙ",
"JB19","BI ｵﾌﾟﾁﾏﾑ281",
"JB2","BI ﾌﾟﾗｲﾄﾞ ｴｱｿﾞｰﾙ",
"JB21","BI ﾌｷﾝ ｳｵｯｼｭ",
"JB22","BI ﾃﾞﾀｰﾌｧｲﾝｽｰﾊﾟｰMC",
"JB3","BI ｽｰﾊﾟｰﾌｫｰﾑ ｴｱｿﾞｰﾙ",
"JB4","BI ｽﾃﾝｸﾞﾛｽ ｴｱｿﾞｰﾙ",
"JB5","BI ﾌﾟﾛﾜｰｸ ｴｱｿﾞｰﾙ",
"JB7","BI ﾌﾗｲﾔｰ ﾌｧｲﾀｰ",
"JB8","BI ｷｮｳﾘｮｸ ｱﾌﾞﾗ ﾖｺﾞﾚ",
"T21536","ﾃﾞﾀｰﾌｧｲﾝｽｰﾊﾟｰMC　3KGX4",
"DB6","BI Super Beam B44",
"DB11","BI New Wear K2z",
"DB13","BI Deternish K7z",
"DB14","BI Dupan K7y",
"DB20","BI LSR-S",
"DB21","BI Sito D5. 8",
"DB27","BI Clax Blue Sky 3SL2",
"DB28","BI Clax Hypo 4AL1",
"T35171","Dﾀｰﾆｯｼｭ 10KGX1",
"T26160","*ﾕﾆｽｰﾊﾟｰ(G1)4.5KGX3*",
"T26170","*ﾕﾆﾏｷｼ（G3) 4.5KGX3*",
"T26180","*ﾕﾆｽﾍﾟｼｬﾙ（G4)　4KGX3*",
"T35180","ﾃﾞｭﾊﾟﾝ 10KGX1",
"T26190","ﾕﾆﾕﾆ(G8) 　4.5KGX3",
"T35230","ﾆｭｰｳｪｱ 1KGX10",
"T35233","ﾆｭｰｳｪｱ 10KGX1",
"T35870","ELWｿｰﾌﾟ 20LX1",
"T35880","*ELWｵｷｼﾊﾟﾜｰ 20LX1*",
"T35890","ELWｿﾌﾀｰ 20LX1",
"TB81","BI ｽｰﾊﾟｰﾌﾞﾘｰﾁ",
"T36502","ｱﾙﾃｨｰ75 15KGX1",
"T21504","ﾁｭｳｾｲﾃﾞﾀｰﾌｨﾙE　2KGX6","JP3"
"TB83","BI ﾌﾞﾗｲﾄﾌﾟﾗｽ",
"TB85","BI ﾁｭｳｾｲﾃﾞﾀｰﾌｨﾙE",
"3670641","ｻﾆﾀｲｻﾞｰ 20KGX1",
"4166569","JD FLEXｼﾞｮｷﾝﾋｮｳﾊｸｻﾞｲ5LTX2",
"4166577","JD FLEXﾁｭｳｾｲｾﾝｻﾞｲ 1.5LTX4",
"T28045","ｸﾘｱﾏｽﾀｰｾﾝｼﾞｮｳｷﾖｳｶﾌﾟｾﾙ4KGX4",
"4489659","BI ｸﾗｯｸｽﾚｲﾝﾎﾞｳ",
"T34817","PS　ｼﾞｮｷﾝﾋｮｳﾊｸｻﾞｲ20KGX1",
"T34820","PS ｼﾞｮｷﾝﾖｳｱﾙｺｰﾙ 1LX12",
"T34822","PS ｼﾞｮｷﾝﾖｳｱﾙｺｰﾙ 15KGX1",
"101","BI ｱﾎﾟﾘ C300",
"103","BI ﾊﾟﾝｸﾘｰﾅN7",
"105","BI ﾀﾞｲｷﾚｰﾄN5",
"112","BI ﾊﾟﾝｸﾘｰﾅB ﾑﾘﾝ",
"113","BI ﾊﾟﾝｸﾘｰﾅC",
"116","BI ﾊﾟﾝｸﾘｰﾅCIP90",
"117","BI ﾊﾟﾝｸﾘｰﾅM(3)",
"118","BI ﾊﾟﾝｸﾘｰﾅM1",
"125","BI ﾊﾟﾝｸﾘｰﾅN7 ﾑﾘﾝ",
"126","BI ﾊﾟﾝｸﾘｰﾅP46",
"129","BI ﾊﾟﾝｸﾘｰﾅYM",
"130","BI ﾊﾟﾝｸﾘｰﾅ ｿﾌﾄ",
"131","BI ﾊﾟﾝｸﾘｰﾅ ｿﾌﾄ MS2",
"132","BI ﾊﾟﾝｹﾚｰﾄ S10",
"138","BI ﾊﾟﾝｸﾘｰﾅ (SF2)(SF3)(KO)",
"142","BI ｴｰｽｾﾝｻﾞｲ",
"144","BI ﾊﾟﾝｸﾘｰﾅ CIP3",
"146","BI ﾀﾞｲｷﾚｰﾄSP2",
"147","BI ｸﾘﾝｸﾛﾝ P2",
"149","BI ｻﾆﾀｽｸﾘｰﾝ D-1",
"150","BI ﾊﾟﾝｸﾘｰﾅ CIP1",
"151","BI ｵﾁﾙｴｰｽ",
"152","BI ﾊﾟﾝｸﾘｰﾅ M2",
"162","BI ﾊﾟﾝｸﾘｰﾅ CIP20",
"207","BI ﾃﾞｨﾊﾞﾌｫｰﾑ SMSｸﾛｰ",
"209","BI ﾊﾟﾝｸﾘｰﾅ ｽｰﾊﾟｰ",
"210","BI ﾊﾟﾝｹﾚｰﾄ MS1",
"239","BI ﾊﾟﾝｹﾚｰﾄ V20",
"240","BI ﾊﾟﾝｹﾚｰﾄ V40",
"246","BI ﾊﾟﾝｹﾚｰﾄ VC45",
"247","BI ﾃﾞｨﾎﾞﾌﾞﾗｲﾄ MD3",
"250","BI ﾃﾞｨﾊﾞﾌｫｰﾑ S",
"251","BI ﾏｽｷﾝｸﾞｻﾞｲ MD801B",
"253","BI ｸﾘﾝｸﾛﾝ S2",
"257","BI ｴﾝﾃﾞｭﾗｸﾛｰ",
"258","BI ｴﾝﾃﾞｭﾗｼﾄﾞ",
"279","BI ｸﾘﾝｸﾛﾝ L10",
"281","BI ﾊﾟﾝｸﾘｰﾅ CIPL",
"284","BI ﾊﾟﾝｹﾚｰﾄ VP",
"285","BI ﾊﾟﾝｹﾚｰﾄ LC10(30%)",
"292","BI ｽｲﾖｳｾｲﾎﾟﾘﾏｰｴｷ",
"295","BI ﾊﾟﾝｹﾚｰﾄ VC",
"298","BI ｸﾘﾝｸﾛﾝ L",
"405","BI ﾃﾞｨﾊﾞﾌｫｰﾑ S2",
"601","BI ﾃﾞｨﾎﾞﾌﾞﾗｲﾄ AN1",
"604","BI ﾀﾞｲｷﾚｰﾄ GL3 ﾁｭｳｶﾝﾀｲ",
"607","BI ﾀﾞｲｷﾚｰﾄ SK",
"608","BI ﾊﾟﾝｹﾚｰﾄ DS50A",
"609","BI ｻﾆﾀｽ ｸﾘｱﾗｰｼﾞ",
"611","BI ﾃﾞｨﾎﾞ LE",
"612","BI ﾀﾞｲｷﾚｰﾄ GL1",
"613","BI ﾃﾞｨﾎﾞ AI",
"163","BI ﾊﾟﾝｸﾘｰﾅ (KO2)",
"618","BI ﾀﾞｲｷﾚｰﾄ GL3 (35%)",
"3411","BI ｽﾗｲﾀﾞｰ PS20",
"T31423","ﾃﾞﾀｰﾌﾟﾗｲﾄW 12KGX1","JP3"
"DB35","BI ﾕﾆｽｰﾊﾟｰG1",
"DB36","BI ﾕﾆﾏｷｼ G3",
"DB37","BI ﾕﾆｽﾍﾟｼｬﾙ G4",
"DB38","BI ﾕﾆﾕﾆ G8",
"DS010004","*ｱﾎﾟﾘ  C300 20KGX1  CS*","6A"
"DS010008","●ｵﾁﾙｴｰｽ 5KGX4  CS",
"DS010025","*ﾊﾟﾝｸﾘｰﾅ B ﾑﾘﾝ 5KGX4 BG*",
"DS010031","*ﾊﾟﾝｸﾘｰﾅ CIP2 5KGX4 BG*",
"DS010032","ﾊﾟﾝｸﾘｰﾅ CIP90 5KGX4  CS",
"DS010036","*ﾊﾟﾝｸﾘｰﾅ M 5KGX4 BG*",
"DS010038","*ﾊﾟﾝｸﾘｰﾅ M 5KGX4 CS*",
"DS010039","*ﾊﾟﾝｸﾘｰﾅ M1 5KGX4 BG*",
"DS010041","*ﾊﾟﾝｸﾘｰﾅ M2 5KGX4 BG*",
"DS010044","*ﾊﾟﾝｸﾘｰﾅ M3 5KGX4 BG*",
"DS010053","ﾊﾟﾝｸﾘｰﾅ P46 5KGX4  CS",
"DS010057","*ﾊﾟﾝｸﾘｰﾅ YM 5KGX4 BG*",
"JB38","BI ｵﾌﾟﾁﾏﾑ DWC",
"DS010060","ﾊﾟﾝｸﾘｰﾅ ｿﾌﾄ(ｼｰﾙ) 5KGX4 CS",
"DS010066","ﾊﾟﾝｹﾚｰﾄ MS2 2.5KGX8 CS",
"DS010068","*ﾊﾟﾝｹﾚｰﾄ S10 5KGX4 BG*",
"DS010090","ｴｰｽｾﾝｻﾞｲ 15KGX1  CS",
"DS010096","*ﾊﾟﾝｸﾘｰﾅ CIP3 5KGX4 BG*",
"DS010099","ｸﾘﾝｸﾛﾝ P2 5KGX4 CS",
"DS010101","●ﾗｲﾄｱｯﾌﾟ 5KGX3  CS",
"DS010102","ｻﾆﾀｽｸﾘｰﾝD-1  5KGX4 CS",
"DS010104","*ﾊﾟﾝｸﾘｰﾅ CIP1 5KGX4 BG*",
"DS010107","ﾀﾞｲｷﾚｰﾄN5 5KGX4 BG",
"DS010109","ﾊﾟﾝｸﾘｰﾅN7 5KGX4 BG",
"DS010110","ﾊﾟﾝｸﾘｰﾅ N7 ﾑﾘﾝ 5KGX4 BG",
"DS010112","ﾀﾞｲｷﾚｰﾄ SP2 5KGX4 BG",
"DS010119","ﾊﾟﾝｸﾘｰﾅ C 5KGX4 CS",
"T46130","ﾊｲﾊﾟﾜｰｸﾘｰﾝ 16KGX1",
"DS010128","*ﾊﾟﾝｸﾘｰﾅ P1 5KGX4 BG*",
"DS010130","ﾊﾟﾝｸﾘｰﾅ SF2 2.5KGX4 CS",
"DS010131","ﾊﾟﾝｸﾘｰﾅ SF3 5KGX4 CS",
"DS010141","*ﾊﾟﾝｸﾘｰﾅ CIP20 5KGX4 BG*",
"DS020103","ﾊﾟﾝｸﾘｰﾅ ｽｰﾊﾟｰ 20KGX1  PN",
"DS020104","ﾊﾟﾝｸﾘｰﾅ ｽｰﾊﾟｰ 20KGX1  QB",
"DS020114","*ﾊﾟﾝｹﾚｰﾄ V20 1000KGX1 CT*",
"DS020227","ｸﾘｰﾝ  ｱﾙﾌｧ A 20KGX1  QB",
"DS020269","*ﾊﾟﾝｹﾚｰﾄ V20 20KGX1 PN*",
"DS020274","*ﾊﾟﾝｹﾚｰﾄ V40 24KGX1 PN*",
"DS020291","ｸﾘﾝｸﾛﾝ L 22KGX1 PN",
"DS020353","ﾊﾟﾝｹﾚｰﾄ MS1 20KGX1 PN",
"DS020363","*ﾊﾟﾝｹﾚｰﾄ VP 24KGX1 PN*",
"DS020379","ｸﾘﾝｸﾛﾝ S2 10KGX1  QB",
"DS020414","ｸﾘﾝｸﾛﾝ L10 22KGX1 PN",
"DS020430","ﾊﾟﾝｹﾚｰﾄ DS50a 20KGX1 PN",
"DS020431","ｻﾆﾀｽ ｸﾘｱﾗｰｼﾞ 20KGX1 PN",
"DS020442","*ﾊﾟﾝｹﾚｰﾄ VC 20KGX1 PN*",
"DS020111","*ﾊﾟﾝｹﾚｰﾄ V20 ﾛｰﾘｰ*",
"DS020266","*ﾊﾟﾝｹﾚｰﾄ V40 ﾛｰﾘｰ*",
"DS020280","*ﾊﾟﾝｹﾚｰﾄ VC ﾛｰﾘｰ*",
"DS020356","ﾊﾟﾝｹﾚｰﾄ MS1 ﾛｰﾘｰ",
"DS020412","*ﾊﾟﾝｹﾚｰﾄ VC45 ﾛｰﾘｰ*",
"DS020150","ﾏｽｷﾝｸﾞｻﾞｲ MD801B 13KGX1 CN",
"DS020424","ﾀﾞｲｷﾚｰﾄGL3ﾁｭｳｶﾝﾀｲ 240KGX1 PD",
"JB39","BI ﾃﾞﾀｰﾌﾟﾗｲﾄ W",
"DS030304","ｽﾗｲﾀﾞｰ PS20 1000KGX1  CT",
"DS020415","*ﾊﾟﾝｹﾚｰﾄ LC10(30%) ﾛｰﾘｰ*",
"DS020438","*ﾀﾞｲｷﾚｰﾄ GL1 ﾛｰﾘｰ*",
"DS010147","●FS2007-5 5KGX4  CS",
"115","BI ﾊﾟﾝｸﾘｰﾅ CIP2",
"T40120","JWS-20DHL 20LX1","2A"
"DS020474","*ﾊﾟﾝｸﾘｰﾅIJ 20KGX1 PN*",
"624","BI ﾊﾟﾝｸﾘｰﾅIJ(C0609)",
"DS010149","●ｼﾞｬｸｱﾙｶﾘｾﾝｻﾞｲ ﾀﾞｲｾﾂ 5KGX4",
"DS040037","*ﾊﾟﾝｹﾚｰﾄ V40 1000KGX1 CT*",
"DS040039","*ﾊﾟﾝｹﾚｰﾄ VC 1TX1 CT ｶｷﾞﾂｷ*",
"DS040043","ｸﾘﾝｸﾛﾝ 6 20KGX1  QB",
"DS040048","*ﾊﾟﾝｹﾚｰﾄ VC45 1000KGX1 CT*",
"DS040049","●ﾏｯﾊｸﾘｰﾝ Z 1KGX10  CS",
"DS040058","●ﾂｹｵｷ洗剤ﾌｧｰｽﾄ除菌W1.5K",
"4978778","ｻﾆｯｼｭ 550MLX12",
"DS030319","ｽﾗｲﾀﾞｰ PS20 200KGX1  PD",
"T20113","ﾃﾞﾀｰﾌｨﾙMCｴｺﾊﾟｳﾁ 2KGX6","JP3"
"TB87","BI ﾃﾞﾀｰﾌｨﾙ MC ｴｺﾊﾟｳﾁ",
"T28044","CMｾﾝｼﾞｮｳｷﾖｳﾘｷｯﾄﾞﾌﾞﾘｰﾁ 12.5KGX1",
"T28043","CMｾﾝｼﾞｮｳｷﾖｳﾘｷｯﾄﾞﾌﾞﾘｰﾁ 25KGX1",
"T40223","ｳｨﾝﾀｰ GD-10 10LX1","7A"
"T20029","CMｾﾝｼﾞｮｳｷﾖｳﾘｷｯﾄﾞｷﾝｸﾞ 12.5KGX1",
"T20030","CMｾﾝｼﾞｮｳｷﾖｳﾘｷｯﾄﾞｷﾝｸﾞ 25KGX1",
"JB41","BI CM ｾﾝｼﾞｮｳｷﾖｳﾘｷｯﾄﾞﾌﾞﾘｰﾁ",
"T20004","*ｸﾘｱﾏｽﾀｰｾﾝｼﾞｮｳｷﾖｳｶﾌﾟｾﾙM4KGX4*",
"JB42","BIｸﾘｱﾏｽﾀｰｾﾝｼﾞｮｳｷﾖｳｶﾌﾟｾﾙM",
"DS020475","ﾊﾟﾝｹﾚｰﾄ MS6 20KGX1 PN",
"T215500","ﾃﾞﾀｰﾌｧｲﾝLC 6KGX2",
"T215720","ﾃﾞﾀｰﾌｧｲﾝLK 6.5KGX2",
"T237040","ﾃﾞﾗｲﾑP 2(+ﾁｭｳﾜｻﾞｲ1.1)KGX2",
"T243010","ﾆｭｰｼﾙﾊﾞｰｸﾘｰﾝ 1KGX10",
"T280420","CMｾﾝｼﾞｮｳｷﾖｳﾘｷｯﾄﾞﾌﾞﾘｰﾁ 5KGX2",
"T307010","*ﾊﾟｲﾌﾟｸﾘｰﾅｰ 1KGX6*","JP3"
"T312020","ﾃﾞﾀｰﾌﾟﾗｲﾄW 1KGX10",
"T365000","ｱﾙﾃｨｰ75 1LX12",
"T401300","JWS-10DHL 10LX2","7A"
"T450100","ﾛｽﾄﾙｳｫｯｼｭ 0.8KGX10",
"T461310","ﾊｲﾊﾟﾜｰｸﾘｰﾝ 4KGX4",
"DS010150","ﾊﾟﾝｸﾘｰﾅN7無ﾘﾝTB5KGX4 BG",
"DS030320","ｽﾗｲﾀﾞｰ PS20 20KGX1  PN",
"T20115","ﾃﾞﾀｰﾌｨﾙｴｺｽｰﾊﾟｰﾊﾟｳﾁ 1.8KGX6",
"TB88","BI ﾌﾟﾛﾎﾞｰｽﾄ",
"T35515","*ｸﾞﾘﾙｺﾝｸ 10LX1*","7A"
"DS020615","ｸﾘｰﾝ ｱﾙﾌｧ S2 20KGX1 QB",
"408","BI ﾃﾞｨﾊﾞﾌﾛｰ DE",
"JB44","BI ｸﾞﾘﾙｺﾝｸ",
"900","BI ﾀﾞｲｷﾚｰﾄ　GSB(23%)",
"901","BI ﾀﾞｲｷﾚｰﾄ　GSA(24%)",
"903","BI ﾀﾞｲｷﾚｰﾄ　GK",
"904","BI ﾀﾞｲｷﾚｰﾄ GN1 (30%)",
"923","BI ﾀﾞｲｷﾚｰﾄ　SL2",
"926","BI ﾀﾞｲｷﾚｰﾄ　AL",
"927","BI ﾀﾞｲｷﾚｰﾄ　ML1",
"939","BI ﾀﾞｲｷﾚｰﾄ　SLB",
"905","BI ﾊﾟﾝｹﾚｰﾄ LC10 (41%)",
"907","BI ﾊﾟﾝｹﾚｰﾄ　LC5 44%",
"911","BI ﾊﾟﾝｹﾚｰﾄ　LC5 24%",
"912","BI ﾊﾟﾝｹﾚｰﾄ　LC7",
"914","BI ﾊﾟﾝｹﾚｰﾄ　LC10 25%",
"915","BI ﾊﾟﾝｹﾚｰﾄ　LC5",
"919","BI ﾊﾟﾝｹﾚｰﾄ　LC2",
"920","BI ﾊﾟﾝｹﾚｰﾄ　LC7.7(25%)",
"921","BI ﾊﾟﾝｹﾚｰﾄ　LC7.7",
"922","BI ﾊﾟﾝｹﾚｰﾄ　LC6 25%",
"945","BI ﾊﾟﾝｹﾚｰﾄ　VC45",
"946","BI ﾊﾟﾝｹﾚｰﾄ　VC",
"940","BI ﾊﾟﾝｸﾘｰﾅｰ　ｽｰﾊﾟｰ",
"910","BI ｸﾞﾙｺﾝ添加液状苛性ｿｰﾀﾞ",
"924","BI CIP-AB",
"928","BI ｻﾝﾐｯｸ　N",
"935","BI CIP用洗剤　2303",
"937","BI EDTA MIX 2502",
"953","BI ﾃﾞﾎﾞｻﾝ MH",
"964","BI ｽﾗｯｼﾞﾚｰﾄ　25008",
"947","BI ﾊﾟﾝｹﾚｰﾄ V40",
"902","BI ﾀﾞｲｷﾚｰﾄ　GL4",
"909","BI ﾊﾟﾝｹﾚｰﾄLC7S　ﾌﾚｰｸNaOH",
"T41305P","ｽﾌﾟﾚｰﾔ用泡ｽﾌﾟﾚ（12）1PX1","OFF"
"968","BI　塩酸　8.5%",
"969","BI ﾀﾞｲｷﾚｰﾄ　GSC",
"971","BI ﾀﾞｲｷﾚｰﾄ　NC1",
"T30080","ｽﾄｱ ｻﾆﾀｲｻﾞｰ 5LX3","JP1"
"T30207","ｷﾖｳﾘﾖｸｱﾌﾞﾗﾖｺﾞﾚ 5LX3","JP1"
"T31602","ｷｯﾁﾝ ﾋｮｳﾊｸｻﾞｲ 5KGX2",
"T31603","ｽｰﾊﾟｰﾌﾞﾘｰﾁ 5KGX2",
"T31706","ﾌﾞﾘｰﾁA(ｴｰｽ) 5KGX2",
"T34831","PSｼﾞｮｷﾝﾋｮｳﾊｸｻﾞｲ 5KGX3","JP1"
"T34841","PS ｼﾞｮｷﾝﾖｳｱﾙｺｰﾙ 5LX3","JP1"
"T36503","ｱﾙﾃｨｰ75 5LX2",
"T31703","ﾌﾞﾘｰﾁ 2KGX6","JP3"
"T41931","JWS-10DHE 10LX1","2A"
"T41932","JWS-20DHE 20LX1","2A"
"T40031","ELWｵﾌﾞﾂｼｮﾘｼｽﾃﾑ1 20LX1","7B"
"T40032","ELWｵﾌﾞﾂｼｮﾘｼｽﾃﾑ2 20LX1","7B"
"T35112","ｼﾄ 5Lx2",
"T23506","ﾃﾞﾗｲﾑ 5KGX2",
"T16110","L/S/R S 5Lx2",
"T42200","●MD DFｴｺｽｰﾊﾟｰﾊﾟｳﾁ 1.8KGX6",
"DS040066","ｸﾘﾝｸﾛﾝ 12 20KGX1 QB",
"T20042","ﾌﾟﾛｾﾝﾃDWｴｷﾀｲｾﾝｻﾞｲ 12KGX1","7A"
"T20044","ﾌﾟﾛｾﾝﾃDWｴｷﾀｲｾﾝｻﾞｲ 24KGX1","2A"
"T20052","ﾌﾟﾛｾﾝﾃDWﾊﾟｳﾁｾﾝｻﾞｲ 2KGX8","JP3"
"T40244","*ｳｨﾝﾀｰPD-4A 4KGX4*",
"606","BI ﾀﾞｲｷﾚｰﾄ GSX ﾁｭｳｶﾝﾀｲH",
"T23508","ﾃﾞﾗｲﾑ 2KGX6","JP3"
"223","BI ﾊﾟﾝｹﾚｰﾄ MS6",
"T21582","ﾃﾞﾀｰﾌｨﾙｽｰﾊﾟｰSW 2KGX6","JP3"
"T30090","ｱﾙｺｰﾙｼﾞｮｷﾝｻﾞｲEX550MLX12","JP3"
"T31604","ｽﾄｱｰｽｰﾊﾟｰﾌﾞﾘｰﾁ  5LX3",
"TB90","BI ﾃﾞﾀｰﾌｧｲﾝｽｰﾊﾟｰSW",
"T28052","*CM ｶﾌﾟｾﾙM2 4KGX4*",
"T40044","ELW ﾌﾞﾘｰﾁ 20LX1","7B"
"JB48","BIｸﾘｱﾏｽﾀｰｾﾝｼﾞｮｳｷﾖｳｶﾌﾟｾﾙM2",
"T40253","ｳｨﾝﾀｰPA-2.5 2.5KGX4",
"T36526","ﾊﾟｲﾌﾟｸﾘｱｼﾞｪﾙ 2LX6","JP3"
"T40049","ｽｰﾊﾟｰﾜｰﾙﾄﾞ 4KGX6",
"JB49","BI ﾊﾟｲﾌﾟｸﾘｱｼﾞｪﾙ",
"5627793","ｽﾀﾝﾀﾞｰﾄﾞ ﾀﾞﾝﾌﾟﾓｯﾌﾟ25 X20",
"5628681","ｽﾀﾝﾀﾞｰﾄﾞ ﾀﾞﾝﾌﾟﾓｯﾌﾟ40 X20",
"5628711","ｽﾀﾝﾀﾞｰﾄﾞ ﾀﾞﾝﾌﾟHDﾓｯﾌﾟ40 X20",
"T40051","ｴﾝｿｹｲｼﾞｮｷﾝﾋｮｳﾊｸ HCL-1 5LX3",
"T40050","ｱﾙｺｰﾙｼﾞｮｷﾝｻﾞｲ75 HAL-1 5LX2","JP1"
"135","BI ｸﾘｰﾝﾌﾚｯｼｭ",
"T42019","ｾﾞﾝｼｮｰﾊﾝﾄﾞｿｰﾌﾟ　2LX6","JP3"
"5791198","ｶﾋﾞｸﾘｱ5LX3",
"5791219","ｶﾋﾞｸﾘｱﾂﾒｶｴﾎﾞﾄﾙ 600mlX12",
"FB2","BI ｻﾆﾀｽｱﾜﾉﾊﾅ F2",
"JB52","BI ｶﾋﾞｸﾘｱ",
"T40054","ﾌﾞﾘｰﾁ 2KGX4","JP3"
"T26044","ﾃﾞﾀｰﾌｧｲﾝｽｰﾊﾟｰRF 4KGX4",
"FB4","BI ﾃﾞｨﾎﾞｽ2",
"5883092","ｵｿｳｼﾞﾎﾝﾎﾟ ｶﾋﾞｸﾘｰﾅｰ 5LX3",
"5883105","ﾋﾟｭｱﾚｯﾄ S ﾃﾞｨｽﾍﾟﾝｻｰﾎﾜｲﾄ X12",
"T21514","*ﾃﾞﾀｰﾌｧｲﾝｽｰﾊﾟｰMS 5KGX4*",
"JB53","BI ﾃﾞﾀｰﾌｧｲﾝｽｰﾊﾟｰRF",
"JB54","BI ﾃﾞﾀｰﾌｧｲﾝｽｰﾊﾟｰMS",
"DS020666","*ｻﾆﾀｽｱﾜﾉﾊﾅF1 20KGX1 PN*",
"T40412","ﾌﾞﾘｰﾁF ｱﾜｽﾌﾟﾚｰｾｯﾄ 600MLX12","OFF"
"T31716","ﾌﾞﾘｰﾁ F 2LX6","JP3"
"DB39","BI SUMA ｿｰｸK7",
"JB55","BI ﾌﾞﾘｰﾁF",
"FB5","BI ｻﾆﾀｽｱﾜﾉﾊﾅ F1",
"FB7","BI ﾃﾞｨﾎﾞｻﾝTC86",
"T20081","*ﾃﾞﾀｰﾌｧｲﾝｽｰﾊﾟｰG1 4KGX4*",
"T20083","*ﾃﾞﾀｰﾌｧｲﾝｽｰﾊﾟｰG3 4KGX4*",
"FB8","BI ｼﾌﾟﾄﾝ (VC11)",
"FB9","BI ﾌﾞﾙｰｽﾌﾟﾚｲ ｱｼｯﾄﾞ",
"T20034","ﾃﾞﾀｰﾌｧｲﾝｽｰﾊﾟｰGM 4KGX4",
"T44305","ELW HCﾗﾝﾄﾞﾘｰ3ｴﾝｻﾞｲﾑ5LX1","7B"
"T44120","*ELW HCﾗﾝﾄﾞﾘｰ1ﾃﾞﾀｰｼﾞｪﾝﾄ20LX1*",
"T36202","PK ｼﾞｮｷﾝﾋｮｳﾊｸﾌﾟﾛ 2LX6","JP3"
"DB40","BI ELW HC1ﾃﾞﾀｰｼﾞｪﾝﾄ",
"DB41","BI ELW HC3ｴﾝｻﾞｲﾑ",
"JB58","BI ﾃﾞﾀｰﾌｧｲﾝｽｰﾊﾟｰGM",
"FB11","BI DIVOS80-2",
"FB12","BI DIVOS95",
"T40131","ﾎｼｻﾞｷJWS-4DHM 4KGX4",
"T40141","ﾎｼｻﾞｷJWS-1.8DHP 1.8KGX6",
"T20300","ﾌﾟﾛｾﾝﾃDWｶｰﾄﾘｯｼﾞｾﾝｻﾞｲMA 4KGX4",
"2DS020668","ﾊﾟﾝｹﾚｰﾄ VA19 20KGX1",
"2DS020667","*ﾀﾞｲｷﾚｰﾄVC11 20KGX1*",
"2DS040065","ﾊﾟﾝｹﾚｰﾄ DE 20KGX1 QB",
"2DS020371","ｻﾆﾌｫｰﾑ S 20KGX1 PN",
"2DS026171","*ｻﾆﾌｫｰﾑ S2 24KGX1 PN*",
"2DS026173","*ｻﾆﾌｫｰﾑ S2 363KGX1 CT*",
"2DS020429","ﾀﾞｲｷﾚｰﾄ AI 20KGX1 PN",
"2DS020436","ﾀﾞｲｷﾚｰﾄ LE 1000KGX1 CT",
"2DS020446","ﾀﾞｲｷﾚｰﾄ LE 20KGX1 PN",
"2DS020447","ﾀﾞｲｷﾚｰﾄ LE 200KGX1 PD",
"2DS020389","●ﾀﾞｲｷﾚｰﾄ MD3 200KGX1 PD",
"2DS020419","ﾀﾞｲｷﾚｰﾄ AN1 20KGX1 PN",
"2DS020658","*ｼｭｱｸﾘｰﾝ 2 20KGX1*",
"2DS020663","ｼｭｱｸﾘｰﾝ 80-2 20KGX1",
"2DS020664","ｼｭｱｸﾘｰﾝ 95 20KGX1 PN",
"2DS020659","*ｸﾘﾝｸﾛﾝ TC86 20KGX1*",
"2DS046140","*ｾﾌﾃｨｻｲﾄﾞ MH 20LX1 PN*",
"2DS046181","*ｾﾌﾃｨｻｲﾄﾞ MH 1000KGX1 CT*",
"2DS020337","*ｼｭｱﾌｫｰﾑ ｸﾛｰ 22KGX1 PN*",
"2DS020339","ｼｭｱﾌｫｰﾑ ｼﾄﾞ 22KGX1 PN",
"2DS020338","ｼｭｱﾌｫｰﾑ ﾌﾟﾛﾃｸﾄ 22KGX1 PN",
"2DS020467","ｼｭｱﾌｫｰﾑ ﾌﾟﾛﾃｸﾄ 1000KGX1 CT",
"2T35080","ﾌﾞﾗｲﾄﾌﾟﾗｽ 20LX1",
"2T35084","ﾌﾞﾗｲﾄﾌﾟﾗｽ 2LX6","JP3"
"2T35840","ﾊｲﾎﾟ(4AL1) 20LX1",
"2T35860","ﾚｲﾝﾎﾞｰ(6SL2) 20LX1",
"2T35780","ﾌﾞﾙｰｽｶｲ(3SL2) 20LX1",
"2T35850","*ｿﾝﾘﾙ(4EL1) 20LX1*",
"2T301020","ﾌﾗｲﾔｰｸﾘｰﾅｰ 2.5KGX4",
"2T30180","ｿｰｸ 1KGX10",
"216214","*ｵﾌﾟﾁﾌｧｲﾝ 102 4KGX4*",
"2T20112","ｵﾌﾟﾁﾌｧｲﾝDWCｴｺﾊﾟｳﾁ 2KGX8","JP3"
"22972401","ｵﾌﾟﾁﾌｧｲﾝﾌﾟﾗｲﾑ 3KGX4",
"29733","除菌消臭ﾚﾓﾝ 480MLX15",
"216022","ｶﾞﾗｽｸﾘｱ　480MLX15",
"20053","ｼｬｲﾝﾎﾟﾘｼｭ(ｴｱｿﾞｰﾙ) 480MLX15",
"212632","ｼﾞｮｷﾝｼｮｳｼｭｳ301 500MLX20",
"2T34931","ｻﾆﾀｲｻﾞｰ 5LX3",
"24062","ｲｰｼﾞｰｽﾌﾟﾚｰﾄｲﾚﾙｰﾑｶｰﾄﾘﾂｼﾞ40MLX8",
"24072","ｲｰｼﾞｰｽﾌﾟﾚｰﾄｲﾚﾙｰﾑｽﾀｰﾀｰ 40MLX6",
"T31704","ﾌﾞﾘｰﾁA 5KGX3",
"DB42","BI ﾃﾞﾀｰﾌｧｲﾝｽｰﾊﾟｰG1",
"T20075","ｵﾌﾟﾁﾌｧｲﾝｽｰﾊﾟｰ 4KGX4",
"T31700","ﾌﾞﾘｰﾁ 1.5LX8",
"T20213","ｼｭｱﾌｫｰﾑ･ﾌﾟﾛﾃｸﾄ　5LX3",
"5996687","ﾆｮｳｾｷｸﾘｰﾅｰ 2LX4","JP3"
"JB60","BI ｵﾌﾟﾁﾌｧｲﾝ ｽｰﾊﾟｰ",
"JB61","BI ﾌﾟﾛｾﾝﾃDWｶｰﾄﾘｯｼﾞｾﾝｻﾞｲMA",
"DS020691","*ｼｭｱｸﾘｰﾝ2 1000KGX1 CT*",
"DS020692","ｼｭｱｸﾘｰﾝADD3 20KGX1",
"FB13","BI ﾊﾟﾝｹﾚｰﾄ W1",
"T43716","ｳｨﾝﾀｰ ﾌﾞﾘｰﾁCB 5KGX2","7B"
"T22476","*ﾕﾆｽｰﾊﾟｰG1 UNｶｰﾄﾝ 4.5KGX3*",
"T27648","*ﾕﾆﾏｷｼG3 UNｶｰﾄﾝ 4.5KGX3*",
"DS020694","*ｸﾘﾝｸﾛﾝTC86 1000KGX1 CT*",
"DS048163","ﾍﾞﾙｽ8.5%ｴﾝｻﾝ(ｷｲﾛｷｬｯﾌﾟ)10KGX2CS",
"DS040078","*ﾊﾟﾝｹﾚｰﾄ VC45 1TX1 CT ｶｷﾞﾂｷ*",
"DS020698","*ﾊﾟﾝｹﾚｰﾄ VC45 20KGX1 PN*",
"6001581","ｽﾃﾝｸﾞﾛｽ ｸﾘｰﾝ&ﾎﾟﾘｯｼｭ 65ML X 12",
"T46816","ｱﾙｺｰﾙﾖｳｷﾘｽﾌﾟﾚｲﾔｰ12ﾎﾝX1",
"DS040079","●ﾊﾟﾝｹﾚｰﾄMS1 1000KGX1 CT",
"T46687","ｵｶﾌﾟﾛｱｸｱｳｫｯｼｭ20LX1",
"T46764","ｵｶﾌﾟﾛｱｸｱｳｫｯｼｭﾌﾟﾗｽ20LX1",
"T46971","ｵｶﾌﾟﾛｱｸｱｻﾆﾀﾘｰ20LX1",
"T46372","ｵｶﾌﾟﾛｱｸｱｿﾌﾀｰ 20LX1",
"T31736","ﾌﾟﾛｾﾝﾃﾌﾞﾘｰﾁﾌﾟﾗｽ 5KGX2",
"T36716","ﾌﾟﾛｾﾝﾃｻﾝｿｹｲﾋｮｳﾊｸｻﾞｲ 2KGX6","JP3"
"T36861","ﾌﾟﾛｾﾝﾃﾉｳｼｭｸﾁｭｳｾｲﾊﾟｳﾁ 840MLX16",
"T24369","ﾌﾟﾛﾎﾞｰｽﾄﾌﾟﾗｽ 24KGX1",
"JB62","BI ｽﾃﾝｸﾞﾛｽ　C&P",
"JB65","BI ｱﾙﾃｨｰ75",
"FB14","BI ﾃﾞｨﾎﾞｽ ADD3",
"6013099","Eｽﾌﾟﾚｰｵｷｼｳﾞｨﾙ5 ｶｰﾄﾘｯｼﾞ 40MLX8",
"6013101","Eｽﾌﾟﾚｰｵｷｼｳﾞｨﾙ5 ｽﾀｰﾀｰ 40MLX6",
"T25796","ﾃﾞﾀｰﾌｨﾙNA 2KGX6","JP3"
"T36764","ｾｰﾌﾀｯﾁ ﾔｸﾖｳｾｯｹﾝIP 800MLX6",
"TB94"," BI ﾃﾞﾀｰﾌｨﾙ NA",
"T32764","JD FLEXｼﾞｮｷﾝﾋｮｳﾊｸｻﾞｲ3.8LX2",
"DS040081","*ﾀﾞｲｷﾚｰﾄ HDS 1KGX1*",
"T21521","ﾃﾞﾀｰﾌｧｲﾝｽｰﾊﾟｰM1 0.75KGX6",
"DS040083","*ﾀﾞｲｷﾚｰﾄ RF1 ﾛｰﾘｰ*",
"TB95","BI ﾃﾞﾀｰﾌｧｲﾝｽｰﾊﾟｰM1",
"CB2","BI ES ﾁｮｳﾘｷｸﾞﾖｳ",
"T35742","ｾｰﾌﾀｯﾁﾊﾝﾄﾞｿｰﾌﾟﾌﾟﾗｽF 2LX6","JP3"
"6019618","ES GPﾏﾙﾁｸﾘｰﾅｰｶｰﾄﾘｯｼﾞ 40MLX8",
"6019626","ES GPﾏﾙﾁｸﾘｰﾅｰｽﾀｰﾀｰ 40MLX6",
"6019634","ESｻﾝｾｲﾄｲﾚﾊﾞｽﾖｳｶｰﾄﾘｯｼﾞ 40MLX8",
"6019642","ESｻﾝｾｲﾄｲﾚﾊﾞｽﾖｳｽﾀｰﾀｰ 40MLX6",
"DS020718","ｻﾆﾀｽ ｽｹｰﾙｵﾄｼ 5KGX2",
"FB15","BI ﾊﾟﾝｹﾚｰﾄW2",
"JB91","BI 次亜 13% 食添",
"T30052","ｻﾆｯｼｭFA2 5LX3",
"T30053","ｻﾆｯｼｭFA2 20LX1",
"DS040084","*ﾊﾟﾝｹﾚｰﾄ VC45 1TX1 CT ｶｷﾞﾂｷ*",
"6021822","BI ES GPﾏﾙﾁｸﾘｰﾅｰ",
"CB3","BI ES ｻﾝｾｲﾄｲﾚﾊﾞｽﾖｳ",
"T31200","ELW ﾐﾆｵﾌﾞﾂｼｮﾘｼｽﾃﾑｾﾝｻﾞｲ1 10LX1","7B"
"T31300","ELW ﾐﾆｵﾌﾞﾂｼｮﾘｼｽﾃﾑｾﾝｻﾞｲ2 10LX1","7B"
"T31500","*ELW ﾐﾆｵﾌﾞﾂｼｮﾘｼｽﾃﾑｾﾝｻﾞｲ4 10LX1","7A"
"T35762","ｾｰﾌﾀｯﾁESﾔｸﾖｳﾃｱﾗｲｾｯｹﾝ  2LX6","JP3"
"T35766","ｾｰﾌﾀｯﾁﾊﾝﾄﾞｿｰﾌﾟﾌﾟﾗｽNS 2LX6","JP3"
"CB5","BI ﾌﾟﾛｾﾝﾃﾉｳｼｭｸﾁｭｳｾｲﾊﾟｳﾁ",
"6025031","BI ｾｰﾌﾀｯﾁﾊﾝﾄﾞｿｰﾌﾟﾌﾟﾗｽ(Ib)",
"T40161","ﾎｼｻﾞｷ ME-08-10 10LX1","7A"
"T40171","ﾎｼｻﾞｷ ME-08-20 20LX1","2A"
"T40181","ﾎｼｻﾞｷ ME-10-10 10LX1","7A"
"T40191","ﾎｼｻﾞｷ ME-10-20 20LX1","2A"
"T40241","ﾎｼｻﾞｷ ME-12-10 10LX1",
"T40261","ﾎｼｻﾞｷ ME-12-20 20LX1","2A"
"DB44","BI ﾎｼｻﾞｷ ME-08",
"DB45","BI ﾎｼｻﾞｷ ME-10",
"DB46","BI ﾎｼｻﾞｷ ME-12",
"6025823","ESｷｮｳﾘｮｸｱﾌﾞﾗｵﾄｼ ｶｰﾄﾘｯｼﾞ 40MLX8",
"6025831","ESｷｮｳﾘｮｸｱﾌﾞﾗｵﾄｼ ｽﾀｰﾀｰ 40MLX6",
"T20085","ﾃﾞﾀｰﾌｧｲﾝｽｰﾊﾟｰG8 4KGX4",
"T41240","●ﾆﾁﾈﾝﾃﾞｨｰﾌﾟｸﾘｰﾝMB 20LX1","2A"
"T30014","ﾋﾟｭｱﾎﾜｲﾄｺﾝｸ 10LX1",
"T30016","ﾌﾞﾙｰｽｶｲｺﾝｸ 10LX1",
"T40234","ｳｨﾝﾀｰRP-4A 4KGX4",
"DB47","BI ﾌﾞﾙｰｽｶｲｺﾝｸ",
"DB48","BI PURE WHITE CONC.",
"DS020733","ｼｭｱﾌｫｰﾑ ﾌﾟﾛﾃｸﾄ 220KGX1 PD",
"T21583","*ﾃﾞﾀｰﾌｨﾙｽｰﾊﾟｰZ 2KGX8*","JP3"
"CB4","BI ｻﾆｯｼｭ FA2",
"DS010156","●ｻﾆﾀｽｶﾌﾟｾﾙ 3 2.8KGX4 ﾕｼｭﾂ",
"DS030641","ｽﾗｲﾀﾞｰ HD65 20KGX1 QB",
"DS030642","ｽﾗｲﾀﾞｰ HD65 1000KGX1 CT IBC",
"6035811","JDFﾕｶﾖｳｱﾙｶﾘｼﾞｮｷﾝND 1.5LTX4",
"T365200","JDFﾀﾓｸﾃｷｼﾞｮｷﾝｾﾝｻﾞｲND 1.5LTx4",
"FB17","BI ｽﾗｲﾀﾞｰ HD65",
"DS020753","ｸﾘﾝｸﾛﾝ L 1000KGX1 CT",
"T35655","STﾀﾌﾞﾚｯﾄ (60GX30)X6",
"T30018","ﾗﾝﾄﾞﾘｯｼｭﾌﾟﾛ 5LX3","JP1"
"DB49","BI ﾊﾟﾝﾄﾘｰ",
"DB50","BI ST ﾀﾌﾞﾚｯﾄ",
"T35675","ﾄﾞﾚｲﾝ(ｶｸﾎﾞﾄﾙ) 18.9LX1",
"DB52","BI ﾗﾝﾄﾞﾘﾂｼﾕﾌﾟﾛ",
"6039547","ｽｰﾊﾟｰﾌｫｰﾑEX 480mLX15",
"DS020760","*ｼｭｱｸﾘｰﾝ 119CL 20KGX1 PN*",
"DS020761","ﾊﾟﾝｹﾚｰﾄ DS50a 1000KGX1 CT",
"6039871","Eｽﾌﾟﾚｰ ﾎｰﾙｶﾞﾗｽﾖｳｶｰﾄﾘｯｼﾞ 40MLX8",
"6039889","Eｽﾌﾟﾚｰ ﾎｰﾙｶﾞﾗｽﾖｳ ｽﾀｰﾀｰ 40MLX6",
"T42115","JID ﾃｨｰﾎﾟｰﾙｸﾘｱ 90MLX80",
"DS020765","CIP FOAM-01 20KGX1PN",
"DS020766","ｻﾆﾀｽ ｱﾜﾉﾊﾅｸﾘｰﾝSP 20KGX1 PN",
"DS010157","ｻﾆﾀｽｶﾌﾟｾﾙ3MC 3KGX4",
"DS020767","*ﾊﾟﾝｹﾚｰﾄ W1 20KGX1 PN*",
"DS020768","*ﾊﾟﾝｹﾚｰﾄ W1 1000KGX1 CT ｶｷﾞﾂｷ*",
"DS020769","*ﾊﾟﾝｹﾚｰﾄ W2 20KGX1 PN*",
"DS020771","*ﾊﾟﾝｹﾚｰﾄ W2 ﾛｰﾘｰ*",
"DS020773","*ﾊﾟﾝｹﾚｰﾄ W2 1000KGX1 CT ｶｷﾞﾂｷ*",
"DS020774","ｻﾆﾌｫｰﾑ ｿｸｾﾝﾘｮｸ 20KGX1 PN",
"DS020776","ｻﾆﾀｽｱﾜﾉﾊﾅF2 20KGX1 PN",
"DS020777","ｻﾆﾌｫｰﾑ ｿｸｾﾝﾘｮｸ 1000KGX1 CT",
"6041372"," BI ﾆｮｳｾｷｸﾘｰﾅｰ",
"TB96","BI ﾃﾞﾀｰﾌｨﾙｽｰﾊﾟｰ Z",
"DS020778","AKｸﾘｰﾝ ｴﾝｿｹｲｱﾙｶﾘ 20KGX1 PN",
"FB18","BI ｻﾆﾌｫｰﾑ ｿｸｾﾝﾘｮｸ",
"DB54","BI ｵｷｼﾗｲﾄ",
"T40192","ｴｺﾗﾝﾄﾞﾘｰｼｱｹﾞｻﾞｲ 20LX1","2A"
"DB56","BI ｴｺﾗﾝﾄﾞﾘｰ ｼｱｹﾞｻﾞｲ",
"T21529","ﾃﾞﾀｰﾌｧｲﾝｽｰﾊﾟｰM1 2.2KGX4","JP3"
"T41323","600MLｱﾙｺｰﾙｽﾌﾟﾚｰﾎﾞﾄﾙ(IMD) 12X1","OFF"
"T40066","ｵｷｼﾗｲﾄﾌﾟﾛ ｽﾌﾟﾚｰﾂｷ 450MLX30",
"6043634","ｵｷｼﾗｲﾄ 5LX3",
"6044004","ｵｷｼｳﾞｨﾙﾌｧｲﾌﾞ(NA) 3.78LX2",
"T30334","PROS ｱﾙｺｰﾙｼﾞｮｷﾝｻﾞｲS62 5LX2","JP1"
"T30167","ｻﾆｯｼｭMD 2LX6","JP3"
"T28730","ﾃﾞﾀｰﾌｧｲﾝｺﾝｸLB 6KGX2","JP1"
"6045681","ｱﾙｺｰﾙｼﾞｮｷﾝｻﾞｲ75 5LX2",
"DS010158","ｻﾆﾀｽ ｶﾌﾟｾﾙ3 2.8KGX4",
"DS010159","ｻﾆﾀｽ CVR 1.8KGX6 CS",
"TB97","BI ﾃﾞﾀｰﾌｧｲﾝ ｺﾝｸLB",
"DS040089","*ﾀﾞｲｷﾚｰﾄRF1 1000KGX1 CT ｶｷﾞﾂｷ*","6B"
"6050922","●ACEﾃﾞｨｽﾍﾟﾝｻｰｾｯﾄ X1",
"6053947","ﾄｲﾚﾖｳｾﾝｻﾞｲ(ｻﾝｾｲﾀｲﾌﾟ)  800MLX12",
"T30019","ﾗﾝﾄﾞﾘｯｼｭﾌﾟﾛ 2LX6","JP3"
"DS010160","ｻﾆﾀｽｶﾌﾟｾﾙｼｬｲﾝ 3KGX4",
"DS020789","ｻﾆﾀｽｱﾜﾉﾊﾅｸﾘｰﾝSP 1000KGX1 CT",
"T27700","ﾃﾞﾀｰﾌｧｲﾝｺﾝｸLA 12KGX1","JP3"
"DS040090","*ﾀﾞｲｷﾚｰﾄ ML3 ﾛｰﾘｰ*",
"T40259","PROSﾊﾟｰﾌｪｸﾄｳｫｯｼｭｽﾀｰﾀｰ 1.5LX6",
"T40260","PROSﾊﾟｰﾌｪｸﾄｳｫｯｼｭﾂﾒｶｴ 1.5LX8",
"T31210","ﾃﾞﾀｰﾌﾟﾗｲﾄW ｴｺﾊﾟｳﾁ 800GX10",
"T46300","ELW COIN ｿﾌﾀｰ 17KGX1","7B"
"DS040092","ｻﾆﾌｫｰﾑ ｿｸｾﾝﾘｮｸ 1000KGX1 CT",
"DS040093","ｻﾆﾀｽｱﾜﾉﾊﾅｸﾘｰﾝSP 1000KGX1 CT",
"T35825","ﾌﾟﾛﾀﾞｲﾔﾓﾝﾄﾞ2 20LX1",
"JB67","BI PROSﾊﾟｰﾌｪｸﾄｳｫｯｼｭ",
"DS010161","●ｻﾆﾀｽ ｶﾌﾟｾﾙ3 2.8KGX4 (ﾀｲﾜﾝ)",
"T20215","ｼｭｱﾌｫｰﾑﾌﾟﾛﾃｸﾄ 2 5LX3",
"T36504","ｱﾙﾃｨｰ75 950MLX12",
"T34823","PS ｼﾞｮｷﾝﾖｳｱﾙｺｰﾙ 950MLX12",
"DS020482","ﾀﾞｲｷﾚｰﾄGL3ﾁｭｳｶﾝﾀｲ 1200KGX1CT",
"DS026175","ｽｲﾖｳｾｲ ﾎﾟﾘﾏｰA 200KGX1 PD",
"FB19","BI ｽｲﾖｳｾｲﾎﾟﾘﾏｰA",
"T31212","ﾃﾞﾀｰﾌﾟﾗｲﾄW ﾊﾟｳﾁ 2KGX6","JP3"
"DS040098","*ﾊﾟﾝｹﾚｰﾄ VC ﾛｰﾘｰ*",
"DS040099","ﾊﾟﾝｹﾚｰﾄ MS1 ﾛｰﾘｰ",
"DS040100","*ﾀﾞｲｷﾚｰﾄ GL1 ﾛｰﾘｰ*",
"DS040101","*ﾊﾟﾝｹﾚｰﾄ W2 ﾛｰﾘｰ*",
"DS040112","*ﾊﾟﾝｹﾚｰﾄ V20 ﾛｰﾘｰ*",
"DS040102","*ｸﾘﾝｸﾛﾝ TC86 1000KGX1 CT*",
"DS040103","*CIP-AB ﾛｰﾘｰ*",
"DS040104","*ﾊﾟﾝｹﾚｰﾄ LC10 ﾛｰﾘｰ*",
"DS040105","*ﾊﾟﾝｹﾚｰﾄ LC10 25% ﾛｰﾘｰ*",
"DS040106","*ﾀﾞｲｷﾚｰﾄ GL2(25%) ﾛｰﾘｰ*",
"DS040107","*ﾀﾞｲｷﾚｰﾄ GN1(30%) ﾛｰﾘｰ RO*",
"DS040108","*ﾀﾞｲｷﾚｰﾄ GL3(30%) ﾛｰﾘｰ*",
"DS040109","*ﾀﾞｲｷﾚｰﾄ GR2 ﾛｰﾘｰ*",
"DS040110","*ﾀﾞｲｷﾚｰﾄ GN1(35%) ﾛｰﾘｰ RO*",
"DS040111","*ﾀﾞｲｷﾚｰﾄ TG(25%) ﾛｰﾘｰ*",
"906","BI ﾀﾞｲｷﾚｰﾄ GN1 (35%)",
"908","BI ﾀﾞｲｷﾚｰﾄ GL2 (25%)",
"913","BI ﾀﾞｲｷﾚｰﾄ GR2",
"925","BI ﾀﾞｲｷﾚｰﾄ TG (25%)",
"DS010162","ｻﾆﾀｽｶﾌﾟｾﾙ3MC 4KGX4",
"DB57","BI ﾌﾟﾛﾀﾞｲﾔﾓﾝﾄﾞ2",
"TB99","BI ｻﾆﾀｽｶﾌﾟｾﾙ 3MC",
"T24370","NDD-B 24KGX1",
"T20114","ﾃﾞﾀｰﾌｨﾙMC ﾍﾟｰﾊﾟｰﾊﾟｳﾁ 1.6KGX10",
"T21531","ﾃﾞﾀｰﾌｧｲﾝｽｰﾊﾟｰM2 2.5KGX4",
"6068444","ﾊｲｼﾞｰﾝﾌﾟﾛﾃｸﾄﾜｲﾌﾟ 100ﾏｲX18",
"T40075","▼ｴﾝｿｹｲｼﾞｮｷﾝﾋｮｳﾊｸ HCL-1 5LX2",
"T20175","ﾃﾞﾀｰﾌｧｲﾝｺﾝｸLM 12KGX1","JP3"
"TB100","BI ﾃﾞﾀｰﾌｧｲﾝｽｰﾊﾟｰM2",
"6069826","BINT ｻﾝﾉﾆﾂｸ TP2",
"T35086","ｾﾝﾀｸｵｳ ｲﾘｮｳﾖｳ 5LX3",
"T35087","ｾﾝﾀｸｵｳ ｾｲｿｳｼｻﾞｲﾖｳ 5LX3",
"4034","ｽﾃﾝ ｸﾞﾛｽ          480MLX15",
"4044","ﾌﾟﾛﾜｰｸ            420MLX15",
"4265","ﾌﾗｲﾔｰ ﾌｱｲﾀｰ     500GRX20",
,,
"T20531","ﾘﾝｽｴｸｾﾚﾝﾄ 2LX6","JP3"
